-- phpMyAdmin SQL Dump
-- version 5.0.2
-- https://www.phpmyadmin.net/
--
-- Host: localhost
-- Generation Time: Jun 22, 2020 at 04:16 PM
-- Server version: 10.4.12-MariaDB
-- PHP Version: 7.4.5

SET SQL_MODE = "NO_AUTO_VALUE_ON_ZERO";
START TRANSACTION;
SET time_zone = "+00:00";


/*!40101 SET @OLD_CHARACTER_SET_CLIENT=@@CHARACTER_SET_CLIENT */;
/*!40101 SET @OLD_CHARACTER_SET_RESULTS=@@CHARACTER_SET_RESULTS */;
/*!40101 SET @OLD_COLLATION_CONNECTION=@@COLLATION_CONNECTION */;
/*!40101 SET NAMES utf8mb4 */;

--
-- Database: `sttnf`
--

-- --------------------------------------------------------

--
-- Table structure for table `dynamic_absen_dosen`
--

CREATE TABLE `dynamic_absen_dosen` (
  `id` int(11) NOT NULL COMMENT 'ID',
  `dosen_id` varchar(255) COLLATE utf8mb4_unicode_ci DEFAULT NULL COMMENT 'Dosen',
  `kelas_id` int(11) DEFAULT NULL COMMENT 'Kelas',
  `occurred_at` date DEFAULT NULL COMMENT 'Tanggal',
  `hour_start` time DEFAULT NULL COMMENT 'Jam Mulai',
  `hour_end` time DEFAULT NULL COMMENT 'Jam Selesai',
  `theory` text COLLATE utf8mb4_unicode_ci DEFAULT NULL COMMENT 'Materi',
  `conference_for` int(11) DEFAULT NULL COMMENT 'Tatap Muka ke'
) ENGINE=InnoDB DEFAULT CHARSET=utf8mb4 COLLATE=utf8mb4_unicode_ci;

-- --------------------------------------------------------

--
-- Table structure for table `dynamic_absen_mahasiswa`
--

CREATE TABLE `dynamic_absen_mahasiswa` (
  `id` int(11) NOT NULL,
  `mhs_id` varchar(255) COLLATE utf8mb4_unicode_ci NOT NULL,
  `kelas_id` int(11) NOT NULL,
  `status_id` int(11) NOT NULL,
  `absen_dosen_id` int(11) NOT NULL
) ENGINE=InnoDB DEFAULT CHARSET=utf8mb4 COLLATE=utf8mb4_unicode_ci;

-- --------------------------------------------------------

--
-- Table structure for table `helper_kalender_akademik`
--

CREATE TABLE `helper_kalender_akademik` (
  `id` int(11) NOT NULL,
  `name` varchar(255) COLLATE utf8mb4_unicode_ci NOT NULL
) ENGINE=InnoDB DEFAULT CHARSET=utf8mb4 COLLATE=utf8mb4_unicode_ci;

--
-- Dumping data for table `helper_kalender_akademik`
--

INSERT INTO `helper_kalender_akademik` (`id`, `name`) VALUES
(20191, '2019/2020 Ganjil'),
(20192, '2019/2020 Genap');

-- --------------------------------------------------------

--
-- Table structure for table `helper_prodi`
--

CREATE TABLE `helper_prodi` (
  `id` int(11) NOT NULL,
  `name` varchar(255) COLLATE utf8mb4_unicode_ci NOT NULL,
  `abbr` varchar(255) COLLATE utf8mb4_unicode_ci DEFAULT NULL
) ENGINE=InnoDB DEFAULT CHARSET=utf8mb4 COLLATE=utf8mb4_unicode_ci;

--
-- Dumping data for table `helper_prodi`
--

INSERT INTO `helper_prodi` (`id`, `name`, `abbr`) VALUES
(1, 'TEKNIK INFORMATIKA', 'TI'),
(2, 'SISTEM INFORMATIKA', 'SI');

-- --------------------------------------------------------

--
-- Table structure for table `helper_status`
--

CREATE TABLE `helper_status` (
  `id` int(11) NOT NULL,
  `name` varchar(255) COLLATE utf8mb4_unicode_ci NOT NULL
) ENGINE=InnoDB DEFAULT CHARSET=utf8mb4 COLLATE=utf8mb4_unicode_ci;

--
-- Dumping data for table `helper_status`
--

INSERT INTO `helper_status` (`id`, `name`) VALUES
(1, 'Hadir'),
(2, 'Izin'),
(3, 'Alpa'),
(4, 'Sakit');

-- --------------------------------------------------------

--
-- Table structure for table `static_dosen`
--

CREATE TABLE `static_dosen` (
  `id` varchar(255) COLLATE utf8mb4_unicode_ci NOT NULL,
  `name` varchar(255) COLLATE utf8mb4_unicode_ci NOT NULL
) ENGINE=InnoDB DEFAULT CHARSET=utf8mb4 COLLATE=utf8mb4_unicode_ci;

--
-- Dumping data for table `static_dosen`
--

INSERT INTO `static_dosen` (`id`, `name`) VALUES
('0006067204', 'SUHENDI'),
('0401079102', 'FARDAN'),
('0402018701', 'AMALIA RAHMAH'),
('0407097405', 'HENRY SAPTONO'),
('0410089103', 'TUBAGUS RIZKY DHARMAWAN'),
('0411118402', 'HILMY ABIDZAR TAWAKAL'),
('0413128601', 'AHMAD RIO ADRIANSYAH'),
('0414047101', 'SIROJUL MUNIR'),
('0415108403', 'KURNIAWAN DWI PRASETYO'),
('0420089004', 'TIFANI NABARIAN'),
('0421117805', 'LUKMAN ROSYIDI'),
('0423076303', 'RUSMANTO'),
('0424088901', 'SALMAN EL FARISI'),
('0424098604', 'YEKTI WIRANI'),
('0426048703', 'APRIL RUSTIANTO'),
('0426088302', 'ZAKI IMADUDDIN'),
('0428119003', 'ADITYA PUTRA'),
('0429037405', 'SIGIT PUSPITO WIGATI JAROT');

-- --------------------------------------------------------

--
-- Table structure for table `static_kelas`
--

CREATE TABLE `static_kelas` (
  `id` int(11) NOT NULL COMMENT 'id',
  `mk_id` int(11) DEFAULT NULL COMMENT 'Mata Kuliah',
  `dosen_id` varchar(255) COLLATE utf8mb4_unicode_ci DEFAULT NULL COMMENT 'Dosen',
  `prodi_id` int(11) DEFAULT NULL COMMENT 'Prodi',
  `ka_id` int(11) DEFAULT NULL COMMENT 'Kalender Akademik',
  `start_time` int(11) DEFAULT NULL COMMENT 'Jam ke-',
  `end_time` int(11) DEFAULT NULL COMMENT 'Sampai ke-',
  `status` smallint(6) DEFAULT NULL COMMENT 'Status',
  `day` char(10) COLLATE utf8mb4_unicode_ci DEFAULT NULL COMMENT 'Hari',
  `semester` char(5) COLLATE utf8mb4_unicode_ci DEFAULT NULL COMMENT 'Semester',
  `total_student` smallint(6) DEFAULT NULL COMMENT 'Total Mahasiswa',
  `date_start` date DEFAULT NULL COMMENT 'Tanggal Mulai',
  `date_end` date DEFAULT NULL COMMENT 'Tanggal Selesai',
  `start_at` time DEFAULT NULL COMMENT 'Jam Mulai',
  `end_at` time DEFAULT NULL COMMENT 'Jam Selesai'
) ENGINE=InnoDB DEFAULT CHARSET=utf8mb4 COLLATE=utf8mb4_unicode_ci;

--
-- Dumping data for table `static_kelas`
--

INSERT INTO `static_kelas` (`id`, `mk_id`, `dosen_id`, `prodi_id`, `ka_id`, `start_time`, `end_time`, `status`, `day`, `semester`, `total_student`, `date_start`, `date_end`, `start_at`, `end_at`) VALUES
(1, 1, '0428119003', 2, 20191, 3, 7, NULL, 'kamis', '1', NULL, '0000-00-00', '0000-00-00', '09:00:00', '14:00:00'),
(2, 2, '0420089004', 2, 20191, 5, 8, NULL, 'selasa', '1', NULL, '0000-00-00', '0000-00-00', '08:00:00', '10:00:00'),
(3, 3, '0413128601', 2, 20191, 5, 6, NULL, 'senin', '1', NULL, '0000-00-00', '0000-00-00', '08:00:00', '09:00:00'),
(4, 4, '0421117805', 2, 20191, 1, 7, NULL, 'senin', '1', NULL, '0000-00-00', '0000-00-00', '09:00:00', '10:00:00'),
(5, 5, '0006067204', 2, 20191, 2, 5, NULL, 'rabu', '1', NULL, '0000-00-00', '0000-00-00', '11:00:00', '11:00:00'),
(6, 6, '0424098604', 2, 20191, 7, 8, NULL, 'rabu', '1', NULL, '0000-00-00', '0000-00-00', '08:00:00', '08:00:00'),
(7, 7, '0424088901', 2, 20191, 5, 6, NULL, 'kamis', '1', NULL, '0000-00-00', '0000-00-00', '10:00:00', '14:00:00'),
(8, 8, '0426048703', 2, 20191, 2, 2, NULL, 'senin', '1', NULL, '0000-00-00', '0000-00-00', '09:00:00', '09:00:00'),
(9, 9, '0421117805', 2, 20192, 5, 7, NULL, 'senin', '2', NULL, '0000-00-00', '0000-00-00', '14:00:00', '16:00:00'),
(10, 10, '0424088901', 2, 20192, 2, 8, NULL, 'senin', '2', NULL, '0000-00-00', '0000-00-00', '08:00:00', '16:00:00'),
(11, 11, '0006067204', 2, 20192, 5, 7, NULL, 'rabu', '2', NULL, '0000-00-00', '0000-00-00', '09:00:00', '11:00:00'),
(12, 12, '0421117805', 2, 20192, 5, 8, NULL, 'selasa', '2', NULL, '0000-00-00', '0000-00-00', '12:00:00', '15:00:00'),
(13, 13, '0414047101', 2, 20192, 5, 8, NULL, 'senin', '2', NULL, '0000-00-00', '0000-00-00', '15:00:00', '16:00:00'),
(14, 14, '0421117805', 2, 20192, 3, 4, NULL, 'rabu', '2', NULL, '0000-00-00', '0000-00-00', '11:00:00', '12:00:00'),
(15, 15, '0424088901', 2, 20192, 5, 6, NULL, 'kamis', '2', NULL, '0000-00-00', '0000-00-00', '13:00:00', '15:00:00'),
(16, 16, '0415108403', 2, 20192, 1, 6, NULL, 'kamis', '2', NULL, '0000-00-00', '0000-00-00', '12:00:00', '15:00:00'),
(17, 17, '0429037405', 2, 20191, 7, 7, NULL, 'kamis', '3', NULL, '0000-00-00', '0000-00-00', '09:00:00', '15:00:00'),
(18, 18, '0410089103', 2, 20191, 4, 7, NULL, 'rabu', '3', NULL, '0000-00-00', '0000-00-00', '09:00:00', '12:00:00'),
(19, 19, '0428119003', 2, 20191, 1, 3, NULL, 'rabu', '3', NULL, '0000-00-00', '0000-00-00', '16:00:00', '16:00:00'),
(20, 20, '0410089103', 2, 20191, 2, 6, NULL, 'senin', '3', NULL, '0000-00-00', '0000-00-00', '09:00:00', '16:00:00'),
(21, 21, '0402018701', 2, 20191, 4, 8, NULL, 'senin', '3', NULL, '0000-00-00', '0000-00-00', '09:00:00', '14:00:00'),
(22, 22, '0407097405', 2, 20191, 4, 5, NULL, 'senin', '3', NULL, '0000-00-00', '0000-00-00', '10:00:00', '15:00:00'),
(23, 23, '0413128601', 2, 20191, 3, 5, NULL, 'kamis', '3', NULL, '0000-00-00', '0000-00-00', '13:00:00', '13:00:00'),
(24, 24, '0410089103', 2, 20191, 3, 6, NULL, 'selasa', '3', NULL, '0000-00-00', '0000-00-00', '14:00:00', '14:00:00'),
(25, 25, '0411118402', 2, 20192, 1, 4, NULL, 'selasa', '4', NULL, '0000-00-00', '0000-00-00', '11:00:00', '12:00:00'),
(26, 26, '0426088302', 2, 20192, 1, 6, NULL, 'senin', '4', NULL, '0000-00-00', '0000-00-00', '11:00:00', '15:00:00'),
(27, 27, '0424088901', 2, 20192, 3, 5, NULL, 'selasa', '4', NULL, '0000-00-00', '0000-00-00', '09:00:00', '16:00:00'),
(28, 28, '0413128601', 2, 20192, 1, 4, NULL, 'senin', '4', NULL, '0000-00-00', '0000-00-00', '08:00:00', '08:00:00'),
(29, 29, '0413128601', 2, 20192, 2, 3, NULL, 'selasa', '4', NULL, '0000-00-00', '0000-00-00', '09:00:00', '12:00:00'),
(30, 30, '0420089004', 2, 20192, 2, 7, NULL, 'selasa', '4', NULL, '0000-00-00', '0000-00-00', '10:00:00', '16:00:00'),
(31, 31, '0423076303', 2, 20192, 2, 7, NULL, 'senin', '4', NULL, '0000-00-00', '0000-00-00', '08:00:00', '13:00:00'),
(32, 32, '0407097405', 2, 20192, 6, 6, NULL, 'selasa', '4', NULL, '0000-00-00', '0000-00-00', '08:00:00', '11:00:00'),
(33, 33, '0424098604', 2, 20191, 5, 6, NULL, 'senin', '5', NULL, '0000-00-00', '0000-00-00', '09:00:00', '15:00:00'),
(34, 34, '0426088302', 2, 20191, 1, 6, NULL, 'rabu', '5', NULL, '0000-00-00', '0000-00-00', '08:00:00', '11:00:00'),
(35, 35, '0407097405', 2, 20191, 1, 2, NULL, 'selasa', '5', NULL, '0000-00-00', '0000-00-00', '13:00:00', '15:00:00'),
(36, 36, '0415108403', 2, 20191, 3, 4, NULL, 'selasa', '5', NULL, '0000-00-00', '0000-00-00', '09:00:00', '12:00:00'),
(37, 37, '0424088901', 2, 20191, 5, 6, NULL, 'kamis', '5', NULL, '0000-00-00', '0000-00-00', '08:00:00', '14:00:00'),
(38, 38, '0426088302', 2, 20191, 2, 2, NULL, 'selasa', '5', NULL, '0000-00-00', '0000-00-00', '09:00:00', '13:00:00'),
(39, 39, '0401079102', 2, 20191, 1, 2, NULL, 'selasa', '5', NULL, '0000-00-00', '0000-00-00', '09:00:00', '14:00:00'),
(40, 40, '0428119003', 2, 20192, 1, 7, NULL, 'rabu', '6', NULL, '0000-00-00', '0000-00-00', '08:00:00', '14:00:00'),
(41, 41, '0006067204', 2, 20192, 3, 5, NULL, 'rabu', '6', NULL, '0000-00-00', '0000-00-00', '08:00:00', '14:00:00'),
(42, 42, '0423076303', 2, 20192, 1, 4, NULL, 'selasa', '6', NULL, '0000-00-00', '0000-00-00', '15:00:00', '16:00:00'),
(43, 43, '0424098604', 2, 20192, 4, 5, NULL, 'senin', '6', NULL, '0000-00-00', '0000-00-00', '08:00:00', '12:00:00'),
(44, 44, '0426048703', 2, 20192, 6, 8, NULL, 'senin', '6', NULL, '0000-00-00', '0000-00-00', '09:00:00', '16:00:00'),
(45, 45, '0424088901', 2, 20191, 4, 5, NULL, 'senin', '7', NULL, '0000-00-00', '0000-00-00', '09:00:00', '09:00:00'),
(46, 46, '0410089103', 2, 20191, 2, 6, NULL, 'kamis', '7', NULL, '0000-00-00', '0000-00-00', '13:00:00', '13:00:00'),
(47, 47, '0415108403', 2, 20191, 5, 6, NULL, 'rabu', '7', NULL, '0000-00-00', '0000-00-00', '15:00:00', '16:00:00'),
(48, 48, '0423076303', 2, 20191, 1, 5, NULL, 'senin', '7', NULL, '0000-00-00', '0000-00-00', '11:00:00', '15:00:00'),
(49, 49, '0426048703', 2, 20191, 4, 8, NULL, 'senin', '7', NULL, '0000-00-00', '0000-00-00', '14:00:00', '15:00:00'),
(50, 50, '0413128601', 2, 20192, 2, 4, NULL, 'kamis', '8', NULL, '0000-00-00', '0000-00-00', '12:00:00', '14:00:00'),
(51, 51, '0410089103', 2, 20191, 2, 8, NULL, 'kamis', '9', NULL, '0000-00-00', '0000-00-00', '08:00:00', '13:00:00'),
(52, 52, '0429037405', 2, 20191, 3, 7, NULL, 'kamis', '9', NULL, '0000-00-00', '0000-00-00', '10:00:00', '16:00:00'),
(53, 53, '0402018701', 2, 20191, 1, 8, NULL, 'rabu', '9', NULL, '0000-00-00', '0000-00-00', '08:00:00', '09:00:00'),
(54, 54, '0407097405', 2, 20191, 2, 6, NULL, 'selasa', '9', NULL, '0000-00-00', '0000-00-00', '13:00:00', '13:00:00'),
(55, 55, '0424098604', 2, 20191, 7, 7, NULL, 'kamis', '9', NULL, '0000-00-00', '0000-00-00', '09:00:00', '13:00:00'),
(56, 56, '0415108403', 2, 20191, 2, 5, NULL, 'senin', '9', NULL, '0000-00-00', '0000-00-00', '13:00:00', '15:00:00'),
(57, 57, '0401079102', 2, 20191, 2, 5, NULL, 'selasa', '9', NULL, '0000-00-00', '0000-00-00', '15:00:00', '16:00:00'),
(58, 58, '0415108403', 2, 20191, 5, 8, NULL, 'senin', '9', NULL, '0000-00-00', '0000-00-00', '11:00:00', '13:00:00'),
(59, 59, '0428119003', 2, 20192, 1, 4, NULL, 'senin', '10', NULL, '0000-00-00', '0000-00-00', '13:00:00', '16:00:00'),
(60, 60, '0426088302', 2, 20192, 5, 7, NULL, 'kamis', '10', NULL, '0000-00-00', '0000-00-00', '08:00:00', '11:00:00'),
(61, 61, '0428119003', 2, 20192, 7, 8, NULL, 'selasa', '10', NULL, '0000-00-00', '0000-00-00', '09:00:00', '16:00:00'),
(62, 62, '0411118402', 2, 20192, 4, 8, NULL, 'kamis', '10', NULL, '0000-00-00', '0000-00-00', '10:00:00', '12:00:00'),
(63, 63, '0414047101', 2, 20192, 1, 4, NULL, 'rabu', '10', NULL, '0000-00-00', '0000-00-00', '12:00:00', '13:00:00'),
(64, 64, '0424098604', 2, 20192, 1, 2, NULL, 'selasa', '10', NULL, '0000-00-00', '0000-00-00', '13:00:00', '16:00:00'),
(65, 65, '0410089103', 2, 20192, 1, 2, NULL, 'kamis', '10', NULL, '0000-00-00', '0000-00-00', '09:00:00', '14:00:00'),
(66, 66, '0429037405', 2, 20192, 1, 3, NULL, 'senin', '10', NULL, '0000-00-00', '0000-00-00', '09:00:00', '11:00:00'),
(67, 1, '0426048703', 1, 20191, 7, 8, NULL, 'jum\'at', '1', NULL, '0000-00-00', '0000-00-00', '09:00:00', '14:00:00'),
(68, 2, '0424088901', 1, 20191, 2, 4, NULL, 'rabu', '1', NULL, '0000-00-00', '0000-00-00', '08:00:00', '12:00:00'),
(69, 3, '0426048703', 1, 20191, 7, 8, NULL, 'jum\'at', '1', NULL, '0000-00-00', '0000-00-00', '10:00:00', '14:00:00'),
(70, 4, '0415108403', 1, 20191, 4, 4, NULL, 'selasa', '1', NULL, '0000-00-00', '0000-00-00', '13:00:00', '15:00:00'),
(71, 5, '0006067204', 1, 20191, 4, 8, NULL, 'rabu', '1', NULL, '0000-00-00', '0000-00-00', '10:00:00', '11:00:00'),
(72, 6, '0411118402', 1, 20191, 5, 8, NULL, 'jum\'at', '1', NULL, '0000-00-00', '0000-00-00', '10:00:00', '11:00:00'),
(73, 7, '0420089004', 1, 20191, 4, 6, NULL, 'jum\'at', '1', NULL, '0000-00-00', '0000-00-00', '11:00:00', '12:00:00'),
(74, 8, '0413128601', 1, 20191, 5, 6, NULL, 'jum\'at', '1', NULL, '0000-00-00', '0000-00-00', '09:00:00', '12:00:00'),
(75, 9, '0414047101', 1, 20192, 1, 2, NULL, 'kamis', '2', NULL, '0000-00-00', '0000-00-00', '08:00:00', '14:00:00'),
(76, 10, '0424098604', 1, 20192, 2, 4, NULL, 'kamis', '2', NULL, '0000-00-00', '0000-00-00', '11:00:00', '15:00:00'),
(77, 11, '0402018701', 1, 20192, 2, 6, NULL, 'kamis', '2', NULL, '0000-00-00', '0000-00-00', '12:00:00', '13:00:00'),
(78, 12, '0420089004', 1, 20192, 3, 8, NULL, 'kamis', '2', NULL, '0000-00-00', '0000-00-00', '09:00:00', '10:00:00'),
(79, 13, '0424098604', 1, 20192, 1, 7, NULL, 'rabu', '2', NULL, '0000-00-00', '0000-00-00', '12:00:00', '12:00:00'),
(80, 14, '0421117805', 1, 20192, 1, 5, NULL, 'jum\'at', '2', NULL, '0000-00-00', '0000-00-00', '15:00:00', '16:00:00'),
(81, 15, '0401079102', 1, 20192, 3, 3, NULL, 'rabu', '2', NULL, '0000-00-00', '0000-00-00', '14:00:00', '15:00:00'),
(82, 16, '0413128601', 1, 20192, 1, 6, NULL, 'rabu', '2', NULL, '0000-00-00', '0000-00-00', '11:00:00', '16:00:00'),
(83, 17, '0420089004', 1, 20191, 7, 7, NULL, 'selasa', '3', NULL, '0000-00-00', '0000-00-00', '08:00:00', '16:00:00'),
(84, 18, '0428119003', 1, 20191, 2, 7, NULL, 'rabu', '3', NULL, '0000-00-00', '0000-00-00', '09:00:00', '12:00:00'),
(85, 19, '0426088302', 1, 20191, 3, 7, NULL, 'kamis', '3', NULL, '0000-00-00', '0000-00-00', '09:00:00', '16:00:00'),
(86, 20, '0402018701', 1, 20191, 5, 8, NULL, 'selasa', '3', NULL, '0000-00-00', '0000-00-00', '15:00:00', '15:00:00'),
(87, 21, '0428119003', 1, 20191, 2, 8, NULL, 'rabu', '3', NULL, '0000-00-00', '0000-00-00', '11:00:00', '15:00:00'),
(88, 22, '0424088901', 1, 20191, 5, 5, NULL, 'jum\'at', '3', NULL, '0000-00-00', '0000-00-00', '13:00:00', '13:00:00'),
(89, 23, '0415108403', 1, 20191, 1, 5, NULL, 'selasa', '3', NULL, '0000-00-00', '0000-00-00', '10:00:00', '14:00:00'),
(90, 25, '0006067204', 1, 20192, 2, 8, NULL, 'kamis', '4', NULL, '0000-00-00', '0000-00-00', '09:00:00', '16:00:00'),
(91, 26, '0424098604', 1, 20192, 2, 4, NULL, 'rabu', '4', NULL, '0000-00-00', '0000-00-00', '14:00:00', '15:00:00'),
(92, 27, '0006067204', 1, 20192, 2, 5, NULL, 'jum\'at', '4', NULL, '0000-00-00', '0000-00-00', '08:00:00', '16:00:00'),
(93, 28, '0410089103', 1, 20192, 5, 7, NULL, 'kamis', '4', NULL, '0000-00-00', '0000-00-00', '14:00:00', '14:00:00'),
(94, 94, '0426048703', 1, 20192, 5, 5, NULL, 'kamis', '4', NULL, '0000-00-00', '0000-00-00', '15:00:00', '16:00:00'),
(95, 95, '0413128601', 1, 20192, 7, 8, NULL, 'selasa', '4', NULL, '0000-00-00', '0000-00-00', '08:00:00', '14:00:00'),
(96, 96, '0415108403', 1, 20192, 2, 5, NULL, 'selasa', '4', NULL, '0000-00-00', '0000-00-00', '10:00:00', '11:00:00'),
(97, 97, '0420089004', 1, 20192, 7, 7, NULL, 'selasa', '4', NULL, '0000-00-00', '0000-00-00', '08:00:00', '16:00:00'),
(98, 33, '0424098604', 1, 20191, 1, 3, NULL, 'kamis', '5', NULL, '0000-00-00', '0000-00-00', '08:00:00', '13:00:00'),
(99, 99, '0421117805', 1, 20191, 1, 8, NULL, 'kamis', '5', NULL, '0000-00-00', '0000-00-00', '09:00:00', '16:00:00'),
(100, 100, '0428119003', 1, 20191, 3, 8, NULL, 'kamis', '5', NULL, '0000-00-00', '0000-00-00', '16:00:00', '16:00:00'),
(101, 101, '0429037405', 1, 20191, 7, 8, NULL, 'rabu', '5', NULL, '0000-00-00', '0000-00-00', '08:00:00', '15:00:00'),
(102, 102, '0411118402', 1, 20191, 2, 2, NULL, 'rabu', '5', NULL, '0000-00-00', '0000-00-00', '11:00:00', '16:00:00'),
(103, 39, '0423076303', 1, 20191, 3, 5, NULL, 'rabu', '5', NULL, '0000-00-00', '0000-00-00', '11:00:00', '13:00:00'),
(104, 40, '0428119003', 1, 20192, 5, 8, NULL, 'selasa', '6', NULL, '0000-00-00', '0000-00-00', '13:00:00', '14:00:00'),
(105, 105, '0410089103', 1, 20192, 1, 7, NULL, 'jum\'at', '6', NULL, '0000-00-00', '0000-00-00', '08:00:00', '14:00:00'),
(106, 106, '0401079102', 1, 20192, 1, 6, NULL, 'selasa', '6', NULL, '0000-00-00', '0000-00-00', '12:00:00', '15:00:00'),
(107, 41, '0428119003', 1, 20192, 2, 8, NULL, 'rabu', '6', NULL, '0000-00-00', '0000-00-00', '12:00:00', '13:00:00'),
(108, 108, '0424098604', 1, 20192, 8, 8, NULL, 'kamis', '6', NULL, '0000-00-00', '0000-00-00', '12:00:00', '16:00:00'),
(109, 45, '0426088302', 1, 20191, 3, 4, NULL, 'jum\'at', '7', NULL, '0000-00-00', '0000-00-00', '10:00:00', '11:00:00'),
(110, 110, '0410089103', 1, 20191, 4, 7, NULL, 'selasa', '7', NULL, '0000-00-00', '0000-00-00', '16:00:00', '16:00:00'),
(111, 47, '0407097405', 1, 20191, 5, 5, NULL, 'selasa', '7', NULL, '0000-00-00', '0000-00-00', '12:00:00', '16:00:00'),
(112, 112, '0006067204', 1, 20191, 2, 4, NULL, 'rabu', '7', NULL, '0000-00-00', '0000-00-00', '09:00:00', '14:00:00'),
(113, 49, '0428119003', 1, 20191, 3, 4, NULL, 'rabu', '7', NULL, '0000-00-00', '0000-00-00', '12:00:00', '16:00:00'),
(114, 50, '0006067204', 1, 20192, 2, 7, NULL, 'rabu', '8', NULL, '0000-00-00', '0000-00-00', '08:00:00', '12:00:00'),
(115, 115, '0401079102', 1, 20191, 1, 1, NULL, 'selasa', '9', NULL, '0000-00-00', '0000-00-00', '08:00:00', '11:00:00'),
(116, 116, '0414047101', 1, 20191, 7, 8, NULL, 'jum\'at', '9', NULL, '0000-00-00', '0000-00-00', '14:00:00', '14:00:00'),
(117, 117, '0410089103', 1, 20191, 5, 7, NULL, 'rabu', '9', NULL, '0000-00-00', '0000-00-00', '09:00:00', '15:00:00'),
(118, 118, '0411118402', 1, 20191, 3, 5, NULL, 'kamis', '9', NULL, '0000-00-00', '0000-00-00', '15:00:00', '16:00:00'),
(119, 119, '0006067204', 1, 20191, 1, 4, NULL, 'kamis', '9', NULL, '0000-00-00', '0000-00-00', '09:00:00', '10:00:00'),
(120, 120, '0420089004', 1, 20191, 6, 8, NULL, 'kamis', '9', NULL, '0000-00-00', '0000-00-00', '08:00:00', '14:00:00'),
(121, 121, '0429037405', 1, 20191, 4, 7, NULL, 'rabu', '9', NULL, '0000-00-00', '0000-00-00', '10:00:00', '10:00:00'),
(122, 122, '0410089103', 1, 20191, 1, 1, NULL, 'rabu', '9', NULL, '0000-00-00', '0000-00-00', '09:00:00', '12:00:00'),
(123, 123, '0006067204', 1, 20191, 3, 8, NULL, 'selasa', '9', NULL, '0000-00-00', '0000-00-00', '09:00:00', '15:00:00'),
(124, 124, '0424088901', 1, 20191, 6, 7, NULL, 'jum\'at', '9', NULL, '0000-00-00', '0000-00-00', '09:00:00', '14:00:00'),
(125, 125, '0424088901', 1, 20191, 1, 8, NULL, 'kamis', '9', NULL, '0000-00-00', '0000-00-00', '08:00:00', '14:00:00'),
(126, 126, '0423076303', 1, 20191, 4, 5, NULL, 'jum\'at', '9', NULL, '0000-00-00', '0000-00-00', '09:00:00', '13:00:00'),
(127, 127, '0402018701', 1, 20191, 2, 2, NULL, 'jum\'at', '9', NULL, '0000-00-00', '0000-00-00', '08:00:00', '15:00:00'),
(128, 128, '0424098604', 1, 20191, 1, 2, NULL, 'selasa', '9', NULL, '0000-00-00', '0000-00-00', '09:00:00', '13:00:00'),
(129, 129, '0428119003', 1, 20191, 4, 6, NULL, 'jum\'at', '9', NULL, '0000-00-00', '0000-00-00', '13:00:00', '16:00:00'),
(130, 130, '0006067204', 1, 20191, 4, 8, NULL, 'rabu', '9', NULL, '0000-00-00', '0000-00-00', '08:00:00', '13:00:00'),
(131, 131, '0424098604', 1, 20191, 1, 5, NULL, 'selasa', '9', NULL, '0000-00-00', '0000-00-00', '10:00:00', '13:00:00'),
(132, 132, '0423076303', 1, 20191, 3, 4, NULL, 'kamis', '9', NULL, '0000-00-00', '0000-00-00', '14:00:00', '15:00:00'),
(133, 133, '0421117805', 1, 20191, 4, 6, NULL, 'kamis', '9', NULL, '0000-00-00', '0000-00-00', '10:00:00', '15:00:00'),
(134, 134, '0428119003', 1, 20191, 1, 4, NULL, 'rabu', '9', NULL, '0000-00-00', '0000-00-00', '08:00:00', '09:00:00'),
(135, 135, '0413128601', 1, 20191, 4, 8, NULL, 'selasa', '9', NULL, '0000-00-00', '0000-00-00', '13:00:00', '14:00:00'),
(136, 136, '0410089103', 1, 20192, 4, 4, NULL, 'jum\'at', '10', NULL, '0000-00-00', '0000-00-00', '09:00:00', '10:00:00'),
(137, 137, '0402018701', 1, 20192, 3, 4, NULL, 'jum\'at', '10', NULL, '0000-00-00', '0000-00-00', '12:00:00', '13:00:00'),
(138, 138, '0420089004', 1, 20192, 6, 8, NULL, 'jum\'at', '10', NULL, '0000-00-00', '0000-00-00', '12:00:00', '12:00:00'),
(139, 139, '0006067204', 1, 20192, 1, 2, NULL, 'rabu', '10', NULL, '0000-00-00', '0000-00-00', '08:00:00', '09:00:00'),
(140, 140, '0420089004', 1, 20192, 3, 8, NULL, 'selasa', '10', NULL, '0000-00-00', '0000-00-00', '09:00:00', '10:00:00'),
(141, 141, '0428119003', 1, 20192, 4, 7, NULL, 'jum\'at', '10', NULL, '0000-00-00', '0000-00-00', '13:00:00', '13:00:00'),
(142, 142, '0411118402', 1, 20192, 1, 6, NULL, 'jum\'at', '10', NULL, '0000-00-00', '0000-00-00', '12:00:00', '16:00:00'),
(143, 143, '0402018701', 1, 20192, 2, 8, NULL, 'rabu', '10', NULL, '0000-00-00', '0000-00-00', '08:00:00', '12:00:00');

-- --------------------------------------------------------

--
-- Table structure for table `static_mahasiswa`
--

CREATE TABLE `static_mahasiswa` (
  `id` varchar(255) COLLATE utf8mb4_unicode_ci NOT NULL COMMENT 'NIM',
  `name` varchar(255) COLLATE utf8mb4_unicode_ci NOT NULL COMMENT 'Nama',
  `prodi_id` int(11) NOT NULL COMMENT 'Prodi',
  `rombel` varchar(255) COLLATE utf8mb4_unicode_ci DEFAULT NULL COMMENT 'Rombongan Belajar'
) ENGINE=InnoDB DEFAULT CHARSET=utf8mb4 COLLATE=utf8mb4_unicode_ci;

--
-- Dumping data for table `static_mahasiswa`
--

INSERT INTO `static_mahasiswa` (`id`, `name`, `prodi_id`, `rombel`) VALUES
('0110112004', 'DELIZA NISA MAJIDAH', 2, 'SI201201'),
('0110112005', 'DIO RISKY PRATAMA', 2, 'SI201201'),
('0110113002', 'AJENG KUSUMANINGTYAS', 2, 'SI201301'),
('0110113003', 'FARHAN SUJAWARDI', 2, 'SI201301'),
('0110113004', 'REZA MUHAMMAD', 2, 'SI201301'),
('0110113005', 'MEGA YULIANTI', 2, 'SI201301'),
('0110113010', 'RINJAMAIN', 2, 'SI201301'),
('0110113013', 'KHAIRUDIN', 2, 'SI201301'),
('0110113016', 'DENDY ANUGRAHA', 2, 'SI201301'),
('0110113017', 'BERRY SUSANTO', 2, 'SI201301'),
('0110113020', 'JEVAN GERY', 2, 'SI201301'),
('0110114002', 'FAHMI REZA', 2, 'SI201401'),
('0110114003', 'MUHAMMAD ZAKI ABDULLOH', 2, 'SI201401'),
('0110114004', 'FAJAR MUHAMMAD SHIDIQ', 2, 'SI201401'),
('0110114005', 'MUHAMMAD FAQIH ABDULLAH', 2, 'SI201401'),
('0110114008', 'NADYA YUTRIANTI', 2, 'SI201401'),
('0110114009', 'QURINA NUSAIBAH R', 2, 'SI201401'),
('0110114014', 'FUAD ABDURRAHMAN RAFIF', 2, 'SI201401'),
('0110114015', 'RAISA RACHMAWATI', 2, 'SI201401'),
('0110114016', 'MUHAMMAD HABIB', 2, 'SI201401'),
('0110114017', 'FIKRI ALFARIZI', 2, 'SI201401'),
('0110114021', 'AHMAD NASHIRUDDIN WAFI', 2, 'SI201401'),
('0110114023', 'DODI WIRAWAN', 2, 'SI201401'),
('0110114024', 'IBNU HIBBAN PRIHADI', 2, 'SI201401'),
('0110114025', 'RIO HAFIZD SAPUTRO', 2, 'SI201401'),
('0110115001', 'MITASARI NURAZIZAH', 2, 'SI201501'),
('0110115003', 'SYAFRUDIN NUGROHO', 2, 'SI201501'),
('0110115004', 'MUHAMMAD RIZKI AULIA SAPUTRA', 2, 'SI201501'),
('0110115005', 'RIDWAN FAUZI', 2, 'SI201501'),
('0110115007', 'HASNA MUJAHIDAH AMATULLAH', 2, 'SI201501'),
('0110115009', 'HANI NURFAJRIANA', 2, 'SI201501'),
('0110115010', 'MUHAMMAD RIDWAN', 2, 'SI201501'),
('0110115011', 'RASYID RIDHO KHAIRI', 2, 'SI201501'),
('0110115012', 'ALFA PAIZUN', 2, 'SI201501'),
('0110115013', 'ANANDA RIZKY WISANGGENI', 2, 'SI201501'),
('0110115014', 'MIFTAH AMRULLAH', 2, 'SI201501'),
('0110115015', 'HARI PRIHASTAMA', 2, 'SI201501'),
('0110115021', 'AZIZ MAULANA', 2, 'SI201501'),
('0110115022', 'MUHAMMAD TEGUH PRASETYO', 2, 'SI201501'),
('0110115024', 'MUHAMMAD LUQNI BAEHAQI', 2, 'SI201501'),
('0110115027', 'ILAH KARMILAH', 2, 'SI201501'),
('0110115030', 'RULY EKO PRASETYO', 2, 'SI201501'),
('0110115033', 'SURYA RAMADAN', 2, 'SI201501'),
('0110115034', 'MUHAMMAD JAFAR SIDIK', 2, 'SI201501'),
('0110115035', 'HUDZAIFAH', 2, 'SI201501'),
('0110116001', 'FADILLA ARFIKRIYANA', 2, 'SI201601'),
('0110116002', 'ANDHITO DIAZ REVANDRA', 2, 'SI201601'),
('0110116003', 'ATIYAH RAHMAH PAGALA', 2, 'SI201601'),
('0110116004', 'FAUZAN YUSUF ADINATA', 2, 'SI201601'),
('0110116005', 'JONI ANWAR', 2, 'SI201601'),
('0110116006', 'DIO KARTADINATA', 2, 'SI201601'),
('0110116007', 'MAURICE YOGA IBRAHIM', 2, 'SI201601'),
('0110116008', 'BAYHAQI ALFARIDZI', 2, 'SI201601'),
('0110116009', 'AROFI NUR ZULFA', 2, 'SI201601'),
('0110116010', 'MUHAMMAD HANIF DWI CAHYA ARDIANSYAH', 2, 'SI201601'),
('0110116011', 'MUHAMAD IDRIS', 2, 'SI201601'),
('0110116012', 'ROSY ANNISA FIRLANA', 2, 'SI201601'),
('0110116013', 'GUNAWAN KARTONO', 2, 'SI201601'),
('0110116014', 'AMMAR IMADUDDIN', 2, 'SI201601'),
('0110116015', 'LIZZA NOOR AZIZAH', 2, 'SI201601'),
('0110116016', 'FAUZI HAFSAR', 2, 'SI201601'),
('0110116017', 'LAZUARDI DWI PUTRA', 2, 'SI201601'),
('0110116018', 'MIFTAKHUL ARIS', 2, 'SI201601'),
('0110116019', 'CHAIRIN NASHRILLAH', 2, 'SI201601'),
('0110116020', 'VIRGAN DIKA ALPANSAR', 2, 'SI201601'),
('0110116021', 'SUMAYYAH', 2, 'SI201601'),
('0110116022', 'SLAMET HARRY RAMADHANI', 2, 'SI201601'),
('0110116023', 'ELSA NADIRA', 2, 'SI201601'),
('0110116024', 'ARIQ ZUFARABANI', 2, 'SI201601'),
('0110116026', 'LIA KHAIRUNNISA', 2, 'SI201601'),
('0110116027', 'MUHAMMAD FATHIN SHALAHUDIN', 2, 'SI201601'),
('0110116028', 'RIZKA AMALIA APRILIANI', 2, 'SI201601'),
('0110116029', 'SUMARLI MAULANA', 2, 'SI201601'),
('0110116030', 'SHAFURA IRYANI', 2, 'SI201601'),
('0110116031', 'NISRINA HANAN', 2, 'SI201601'),
('0110116032', 'NIHLAH KARIMAH', 2, 'SI201601'),
('0110116033', 'LATIFA DINIPUTRI', 2, 'SI201601'),
('0110116034', 'AFIFA DINIPUTRI', 2, 'SI201601'),
('0110116035', 'LAILIA CAHYA PUTRI', 2, 'SI201601'),
('0110116036', 'SYAMSUDIN PRASETYO', 2, 'SI201601'),
('0110116037', 'AZMI FAIZ HABIBI', 2, 'SI201601'),
('0110116038', 'IBRAHIM SYAFIQ MUSYAFFA', 2, 'SI201601'),
('0110116039', 'UMAR ABDUL SYAFIQ', 2, 'SI201601'),
('0110116040', 'DARA MOCHLYSYA', 2, 'SI201601'),
('0110116041', 'HAIQAL FIRDHO GHIFARI', 2, 'SI201601'),
('0110116042', 'SATRIA YUDHA', 2, 'SI201601'),
('0110116043', 'NAILA NATALIA AUFAR', 2, 'SI201601'),
('0110116044', 'HULWAH ZAHIDAH', 2, 'SI201601'),
('0110116045', 'MUHAMMAD AL-FATIH', 2, 'SI201601'),
('0110116047', 'MUHAMMAD RIDHO FADHILLAH', 2, 'SI201601'),
('0110116048', 'RANDI', 2, 'SI201601'),
('0110116049', 'ADE TRISNA WARDAH', 2, 'SI201601'),
('0110116050', 'ATIKAH PERMATA SARI', 2, 'SI201601'),
('0110116051', 'FAHMI AHMED YUSUF S', 2, 'SI201601'),
('0110116052', 'NANDA TRI WAHYU ADI SIMANJUNTAK', 2, 'SI201601'),
('0110116054', 'SRI REJEKI', 2, 'SI201601'),
('0110116055', 'RIYAN HIDAYATTULOH', 2, 'SI201601'),
('0110116056', 'AZZATUL SYUQRIYA', 2, 'SI201601'),
('0110116057', 'GHANY WIZAYADI', 2, 'SI201601'),
('0110116058', 'CICA NUR LATIFAH', 2, 'SI201601'),
('0110116059', 'LAILA NAFILA', 2, 'SI201601'),
('0110116060', 'IRMANSYAH', 2, 'SI201601'),
('0110116061', 'MAULANA MUHAMMAD JIBRIL', 2, 'SI201601'),
('0110117001', 'YEDI SUHERDI', 2, 'SI201701'),
('0110117002', 'ACHMAD SAMUEL', 2, 'SI201701'),
('0110117003', 'SILVIA DWI AFRIANI', 2, 'SI201701'),
('0110117004', 'IMAM MUSTOFA', 2, 'SI201701'),
('0110117005', 'IRGHAN CHAIRUL MUFIZ', 2, 'SI201701'),
('0110117006', 'LALA KUMALA SARI', 2, 'SI201701'),
('0110117007', 'RAHMAT SAMSUDIN', 2, 'SI201701'),
('0110117008', 'MUHAMMAD RIFQI QISHTI', 2, 'SI201701'),
('0110117009', 'FARAH SHOFIYAH', 2, 'SI201701'),
('0110117010', 'RAHMAT PANJI RAMADHAN', 2, 'SI201701'),
('0110117011', 'AGE SETYAYANA', 2, 'SI201701'),
('0110117012', 'NOVIYATI NUR WULAN', 2, 'SI201701'),
('0110117013', 'ROCHMA DEWI CHOIRUNNISA', 2, 'SI201701'),
('0110117014', 'RAHMAWATI NURLAELA', 2, 'SI201701'),
('0110117015', 'MUHAMMAD SAIFUL BAKHRI', 2, 'SI201701'),
('0110117016', 'SALIMA HAYATI', 2, 'SI201701'),
('0110117017', 'SILIMI RIZQI RAMADHANI', 2, 'SI201701'),
('0110117018', 'MUHAMMAD ACHDIAT FATA', 2, 'SI201701'),
('0110117019', 'APRIYANTO CHANDRA', 2, 'SI201701'),
('0110117020', 'FITRI KURNIASIH', 2, 'SI201701'),
('0110117021', 'MIFTAKHUL ARIFIN', 2, 'SI201701'),
('0110117022', 'FERNANDES HERIANSAH', 2, 'SI201701'),
('0110117023', 'ACHMAD FARIZ IMADUDIN', 2, 'SI201701'),
('0110117024', 'FAWAZ IBNU MASUD', 2, 'SI201701'),
('0110117025', 'HAFLI AHMAD MUGHFIR ABDULLAH', 2, 'SI201701'),
('0110117026', 'IBNU WALID', 2, 'SI201701'),
('0110117027', 'ABDULLAH ABBAS', 2, 'SI201701'),
('0110117028', 'JENNIE IMELIA FITRI SUNDARI', 2, 'SI201701'),
('0110117029', 'SAMURI ABDUL SOPANA', 2, 'SI201701'),
('0110117030', 'ROBIAH QOYIMAH', 2, 'SI201701'),
('0110117031', 'DEVA DIRGANTINA', 2, 'SI201701'),
('0110117033', 'MUHAMMAD TAUFIQ HIDAYAH', 2, 'SI201701'),
('0110117034', 'AYU AMALIA', 2, 'SI201701'),
('0110117035', 'ANINDYA CAHYA PUTRI', 2, 'SI201701'),
('0110117036', 'JAFAR MUHAMMAD UBADAH', 2, 'SI201701'),
('0110117037', 'DEWI NURFITRI', 2, 'SI201701'),
('0110117038', 'UMAR HAQQY', 2, 'SI201701'),
('0110117039', 'TANALINA RAHMA ILAHIYAH', 2, 'SI201701'),
('0110117040', 'KARINA SUKMAWATI', 2, 'SI201701'),
('0110117041', 'FARRAS SYAFIRA SUSILO', 2, 'SI201701'),
('0110118001', 'RISKY PANDU SETIANINGRUM', 2, 'SI201801'),
('0110118002', 'ANNISA KURNIA RABIAL', 2, 'SI201801'),
('0110118003', 'TIRSAN', 2, 'SI201801'),
('0110118004', 'ODE ZULKIFLI', 2, 'SI201801'),
('0110118005', 'NABILA NUR CAHYANI', 2, 'SI201801'),
('0110118006', 'SRI DEFI MAULIDIYAWATI ISNAENI', 2, 'SI201801'),
('0110118007', 'HIZIANATUL MAHWAHULHUSNA', 2, 'SI201801'),
('0110118008', 'EVELYN LUTFIANA', 2, 'SI201801'),
('0110118009', 'INDIKA NURFANSYAH', 2, 'SI201801'),
('0110118011', 'MUHAMMAD DONY', 2, 'SI201801'),
('0110118012', 'APRILIA DWI LESTARI', 2, 'SI201801'),
('0110118013', 'ATEN FAITUH RAHMAN', 2, 'SI201801'),
('0110118014', 'R. IDUL LANNUARY HUTAGALUNG', 2, 'SI201801'),
('0110118015', 'NUR ALIFAH', 2, 'SI201801'),
('0110118016', 'TABRONI', 2, 'SI201801'),
('0110118017', 'DULSAID', 2, 'SI201801'),
('0110118018', 'ALI SURYA LESMANA', 2, 'SI201801'),
('0110118019', 'WAWAN HOERUMAN', 2, 'SI201801'),
('0110118020', 'R MUH HAFIZH IQBAL FAUZI', 2, 'SI201801'),
('0110118021', 'IKRAM', 2, 'SI201801'),
('0110118022', 'WIDYA NOVIANINGSIH', 2, 'SI201801'),
('0110118024', 'PUTRI SANIA', 2, 'SI201801'),
('0110118025', 'MIBTAH SARI DELI', 2, 'SI201801'),
('0110118028', 'MUHAMMAD DIKMAS PRIHANTARA', 2, 'SI201801'),
('0110118030', 'VINI UNIQA TAZKIA AZZAHRA', 2, 'SI201801'),
('0110118032', 'MUJAHID HAQI ROBANI', 2, 'SI201801'),
('0110118033', 'NURFAUZIAH ARAFAH', 2, 'SI201801'),
('0110118034', 'CHANDRAGUNA', 2, 'SI201801'),
('0110118035', 'ARINA FADLILA', 2, 'SI201801'),
('0110118037', 'NABILLA NURIANI', 2, 'SI201801'),
('0110118039', 'WIDI ANNISSAH', 2, 'SI201801'),
('0110118040', 'MIFTAHUSSA\'ADAH PUTRI SIDDIQ', 2, 'SI201801'),
('0110118041', 'MAYANG DAMAYANTI', 2, 'SI201801'),
('0110118045', 'HUDZAIFAH ABDURRAHMAN', 2, 'SI201801'),
('0110118046', 'ABDURACHMAN ROMZY', 2, 'SI201801'),
('0110118047', 'ADI GUNAWAN', 2, 'SI201801'),
('0110118050', 'IA ANIKA', 2, 'SI201801'),
('0110118052', 'CHRISTANTIO DWI SAPUTRA', 2, 'SI201801'),
('0110118053', 'MUHAMMAD IBNU AL FIDA', 2, 'SI201801'),
('0110118054', 'NETI APRILIANTI', 2, 'SI201801'),
('0110118055', 'NADILA OKTAVIANI', 2, 'SI201801'),
('0110118056', 'IRFAN RAHMAT CHUSEIN', 2, 'SI201801'),
('0110118057', 'MUSYAFFA AHMAD SYAUQI', 2, 'SI201801'),
('0110118058', 'ROZA ARIANI', 2, 'SI201801'),
('0110118059', 'HADYAN ABDUL AZIZ', 2, 'SI201801'),
('0110118061', 'AYU DWI SUNDARI', 2, 'SI201801'),
('0110118063', 'MUHADI', 2, 'SI201801'),
('0110118064', 'RICKO DWI SYAHRULLAH', 2, 'SI201801'),
('0110119001', 'HANIF FATUR RAHMAN', 2, 'SI201901'),
('0110119003', 'REDI RAMDANI', 2, 'SI201901'),
('0110119006', 'DIVA HERMANSAH', 2, 'SI201901'),
('0110119007', 'ALDO ALEYANDRA', 2, 'SI201901'),
('0110119009', 'ANTON', 2, 'SI201901'),
('0110119013', 'RIZQI IKBAL SEPTYAN MUNAWAR', 2, 'SI201901'),
('0110119015', 'MUHAMAD FAUZAN', 2, 'SI201901'),
('0110119016', 'MARIO YASIN', 1, 'TI201901'),
('0110119017', 'ANIS RESTU SEPTIYANI', 2, 'SI201901'),
('0110119018', 'NURANI OKTAVIA', 2, 'SI201901'),
('0110119020', 'SYADZA QONITAH', 2, 'SI201901'),
('0110119021', 'ESSA NADYA VANTYCA INGESANIA', 2, 'SI201901'),
('0110119023', 'WINDI ANDRIANI', 2, 'SI201901'),
('0110119024', 'MUSTHAFA AKHYAR', 2, 'SI201901'),
('0110119026', 'MUH ADI YASAR', 2, 'SI201901'),
('0110119027', 'SYAHRUL KIROM', 2, 'SI201901'),
('0110119029', 'JUSMAN ALI M. KABES', 2, 'SI201901'),
('0110119030', 'NUR HIDAYAH', 2, 'SI201901'),
('0110119032', 'ERIKAL PERATAMA', 2, 'SI201901'),
('0110119034', 'RIDHO AKBARI', 2, 'SI201901'),
('0110119035', 'RIFQI PRASTOMO ABIMANYU', 2, 'SI201901'),
('0110119036', 'UMINI', 2, 'SI201901'),
('0110119037', 'MUHAMMAD AZZAM FIKRI', 2, 'SI201901'),
('0110119039', 'AHMAD FARISY', 2, 'SI201901'),
('0110119041', 'ABDURRAUF ZAHID HANAFI', 2, 'SI201901'),
('0110119042', 'AMANAH AFIFAH', 2, 'SI201901'),
('0110119043', 'EVYLIA YANUAR LAILY', 2, 'SI201901'),
('0110119044', 'ALFIAN JULIYANTO', 2, 'SI201901'),
('0110119045', 'MUHAMMAD RAFI\' SYAAMIL', 2, 'SI201901'),
('0110119046', 'ANDIKA NUR SASMITO', 2, 'SI201901'),
('0110119048', 'MUHAMMAD SAYYID FADHILAH', 2, 'SI201901'),
('0110119049', 'NUR LIZA WALI', 2, 'SI201901'),
('0110119051', 'TINA BUTON', 2, 'SI201901'),
('0110119052', 'MUHAMMAD FAKHRURROZI', 2, 'SI201901'),
('0110119053', 'JOKO TRI ARYANTO', 2, 'SI201901'),
('0110119054', 'MUN\'AM WILDAN ABDI', 2, 'SI201901'),
('0110119056', 'MUHAMMAD HANIF', 2, 'SI201901'),
('0110119058', 'ANNISA NURUL KAZHIMAH', 2, 'SI201901'),
('0110119059', 'LUTFFIYAH NAJAH', 2, 'SI201901'),
('0110119060', 'SUKMAYAJI', 2, 'SI201901'),
('0110119061', 'ABDUL ROZAK', 2, 'SI201901'),
('0110119064', 'FAZLUR RAHMAN', 2, 'SI201901'),
('0110119065', 'ARINA SHOLIHA', 2, 'SI201901'),
('0110119066', 'SYACHDAT AKMAL  ALKAHFI', 2, 'SI201901'),
('0110119067', 'ANNISA RUSYDAH', 2, 'SI201901'),
('0110119068', 'AKMAL MAULANA', 2, 'SI201901'),
('0110119069', 'TIA MONIKA', 2, 'SI201901'),
('0110119070', 'BONDAN GLENNDY SYAFIQ NUGROHO', 2, 'SI201901'),
('0110119072', 'SEPTYAN WIDIYANTO', 2, 'SI201901'),
('0110212006', 'ABDULLAH NAZIH', 1, 'TI201201'),
('0110212032', 'NURUL AFIDAH', 1, 'TI201201'),
('0110212033', 'MOHAMMAD ILHAM DINULKHOLIS', 1, 'TI201201'),
('0110212039', 'NUR HASAN', 1, 'TI201201'),
('0110212044', 'AKBAR AGUS', 1, 'TI201201'),
('0110212049', 'MUTTAQIIN', 1, 'TI201201'),
('0110213005', 'FAHRUL CHOLIS', 1, 'TI201301'),
('0110213006', 'AZKA MUBARAK', 1, 'TI201301'),
('0110213007', 'DIPA PERMADI', 1, 'TI201301'),
('0110213008', 'LUTHFAN HADI', 1, 'TI201301'),
('0110213009', 'MUHAMMAD JATI SURYO BINTORO', 1, 'TI201301'),
('0110213011', 'IZZATI NIDA', 1, 'TI201301'),
('0110213012', 'ANINDITO ARGO HUTOMO', 1, 'TI201301'),
('0110213014', 'MUHAMMAD SYAHRUL ARIEF', 1, 'TI201301'),
('0110213017', 'ARIYANTO', 1, 'TI201301'),
('0110213025', 'TEGUH IMAM SYUHADA', 1, 'TI201301'),
('0110213027', 'RICO ANDREAN', 1, 'TI201301'),
('0110213028', 'APRIYADHI', 1, 'TI201301'),
('0110213032', 'ANWAR MUSYADAD', 1, 'TI201301'),
('0110213033', 'DWI PRASTOWO', 1, 'TI201301'),
('0110213038', 'MUHAMMAD FURQON', 1, 'TI201301'),
('0110213043', 'ALI HASANI', 1, 'TI201301'),
('0110214001', 'MOHAMMAD FAIZ', 1, 'TI201401'),
('0110214003', 'ADITYA BAYU FAJAR PAMUNGKAS', 1, 'TI201401'),
('0110214006', 'WAHAB ABDILLAH', 1, 'TI201401'),
('0110214010', 'FRAMADILA MUHAMMAD', 1, 'TI201401'),
('0110214011', 'MUHAMMAD', 1, 'TI201401'),
('0110214012', 'AMIRUDDIN', 1, 'TI201401'),
('0110214014', 'TEUKU MUHAMMAD SYAH REZA', 1, 'TI201401'),
('0110214015', 'FIKRY MUDDHIRULHAQ', 1, 'TI201401'),
('0110214016', 'HELMI MAULANA', 1, 'TI201401'),
('0110214021', 'ABDUL KHOLIK', 1, 'TI201401'),
('0110214023', 'MUHAMMAD MUJAHID', 1, 'TI201401'),
('0110214024', 'ARDIANSYAH', 1, 'TI201401'),
('0110214026', 'JUNDURRAHMAN AZZAMY', 1, 'TI201401'),
('0110214027', 'RIDWAN RAHMAT ALFARIS', 1, 'TI201401'),
('0110214031', 'KUKUH BAHTIAR', 1, 'TI201401'),
('0110214034', 'ANANDA PUTRA SYAFAAT', 1, 'TI201401'),
('0110214035', 'CECEP SURYA LESMANA', 1, 'TI201401'),
('0110214036', 'ULIN NUHA ABDILLAH', 1, 'TI201401'),
('0110214037', 'APIN SARIFUDIN', 1, 'TI201401'),
('0110214038', 'RADEN JODI FAJAR PRAKOSO', 1, 'TI201401'),
('0110214040', 'ANUGERAH FAJAR', 1, 'TI201401'),
('0110214041', 'DANY HARYONO', 1, 'TI201401'),
('0110214042', 'EDI PURWANTO', 1, 'TI201401'),
('0110214043', 'AHMAD AFANDI', 1, 'TI201401'),
('0110214044', 'RATH FADHELDAFA', 1, 'TI201401'),
('0110215001', 'VICKA BADIHUL AFKAR SASSEMITA', 1, 'TI201501'),
('0110215007', 'DZAKI MAHFUZH HAMADAH', 1, 'TI201501'),
('0110215008', 'MUHAMMAD ROSUL', 1, 'TI201501'),
('0110215011', 'CHANDRA EKA KUENAEDINA', 1, 'TI201501'),
('0110215012', 'RIAN PERMADI', 1, 'TI201501'),
('0110215013', 'FAKHRUROZI', 1, 'TI201501'),
('0110215016', 'MOHAMAD ARIF HIDAYATTOLLAH', 1, 'TI201501'),
('0110215017', 'IRFAN RAHMANDA ADIKUSUMA', 1, 'TI201501'),
('0110215019', 'ANWAR HADI', 1, 'TI201501'),
('0110215021', 'FADEL KEVIN WIRATAMA', 1, 'TI201501'),
('0110215023', 'ALBI  FAHLEPI', 1, 'TI201501'),
('0110215031', 'ERICK PEBRI DAVID PRAYOGA', 1, 'TI201501'),
('0110215032', 'IRVAN FATHUL HUDA', 1, 'TI201501'),
('0110215033', 'HAEDAR YASIR THOHARI', 1, 'TI201501'),
('0110215038', 'ARROHMANI', 1, 'TI201501'),
('0110215042', 'MUHAMMAD JAFIER RAMA PUTRA', 1, 'TI201501'),
('0110215045', 'IRFAN FAUZAN', 1, 'TI201501'),
('0110215047', 'AGUS SACHRA ASMARA', 1, 'TI201501'),
('0110215051', 'CHONIYU AZWAN', 1, 'TI201501'),
('0110215053', 'MUHAMMAD ABDUL KARIM', 1, 'TI201501'),
('0110215054', 'MUHAMAD NADIEF AZKA', 1, 'TI201501'),
('0110215055', 'FAISAL HAFIIZH', 1, 'TI201501'),
('0110215056', 'RIAN HARDIANSYAH', 1, 'TI201501'),
('0110215058', 'LUKMANUL HAKIM', 1, 'TI201501'),
('0110215059', 'MOCHAMMAD DANI PURWADI', 1, 'TI201501'),
('0110215061', 'MUHAMMAD RIDHO RABBANI', 1, 'TI201501'),
('0110215062', 'MOCHAMAD ISBANDI', 1, 'TI201501'),
('0110215063', 'ILHAM FAQIH', 1, 'TI201501'),
('0110215065', 'AHMAD MAULANA IBRAHIM', 1, 'TI201501'),
('0110216002', 'VINDI POP ARDINOTO', 1, 'TI201601'),
('0110216003', 'FAHMI HAFIZUL HAQ', 1, 'TI201601'),
('0110216004', 'ABU KAMID', 1, 'TI201601'),
('0110216005', 'RAHMAN SUWITO', 1, 'TI201601'),
('0110216006', 'MUHAMMAD FADHIL SYAHRI', 1, 'TI201601'),
('0110216007', 'ANDREAN DWI PUTRA', 1, 'TI201601'),
('0110216009', 'FIRHAN YULIANTO', 1, 'TI201601'),
('0110216010', 'ANIFATUL AUFAH', 1, 'TI201601'),
('0110216011', 'KUATI SEPTIANI', 1, 'TI201601'),
('0110216012', 'PANJI PRASEPTIA', 1, 'TI201601'),
('0110216013', 'BARLIANSYAH', 1, 'TI201601'),
('0110216015', 'NENDI ILHAM MUNANDA TAMPUBOLON', 1, 'TI201601'),
('0110216017', 'WAHAB RAHMANTO', 1, 'TI201601'),
('0110216018', 'MUHAMMAD ALWI MAHFUD', 1, 'TI201601'),
('0110216019', 'ANNISA TAHIRA', 1, 'TI201601'),
('0110216021', 'MUHAMMAD YAHYA ABDULLAH', 1, 'TI201601'),
('0110216022', 'ADITTYA WICAKSONO', 1, 'TI201601'),
('0110216023', 'MASUDDIN HARUN', 1, 'TI201601'),
('0110216024', 'RIZKI AJI GUSTI EKAPUTRA', 1, 'TI201601'),
('0110216025', 'IDHAM MAJID', 1, 'TI201601'),
('0110216026', 'FAKHRUL MAULANA PASHA', 1, 'TI201601'),
('0110216027', 'FATHI HAMID', 1, 'TI201601'),
('0110216029', 'AHMAD MUJAHID', 1, 'TI201601'),
('0110216030', 'ARIUS WANIMBO', 1, 'TI201601'),
('0110216032', 'MUHAMAD VARHAN KHAILANI', 1, 'TI201601'),
('0110216033', 'PRADANTO ANUGRAH DWI HARNANTO', 1, 'TI201601'),
('0110216034', 'DIMAS EKO PUTRA', 1, 'TI201601'),
('0110216035', 'MOHAMMAD AKMALUDDIN NOVIANTO', 1, 'TI201601'),
('0110216036', 'CARTRIDGE RYAN PRADITYA', 1, 'TI201601'),
('0110216037', 'MUHAMMAD FADHIL HILMI', 1, 'TI201601'),
('0110216038', 'FAJAR KAUSAR', 1, 'TI201601'),
('0110216039', 'RIZKI DWI SENO AJI', 1, 'TI201601'),
('0110216040', 'MOHAMMAD REZA NURRAHMAN', 1, 'TI201601'),
('0110216041', 'RIO BAYU RINALDI', 1, 'TI201601'),
('0110216043', 'FAHMI MUHAMMAD HUSAINI', 1, 'TI201601'),
('0110216044', 'ARFIAN MULYA PASHA', 1, 'TI201601'),
('0110216045', 'DIMAS AGUNG SAHRUL BAYAN', 1, 'TI201601'),
('0110216046', 'ARIF ARIYANTO', 1, 'TI201601'),
('0110216048', 'ISHAM DIENURRAHMAN', 1, 'TI201601'),
('0110216049', 'MUHAMMAD SABILAR ROSYAD', 1, 'TI201601'),
('0110216050', 'ABDUL MAJID', 1, 'TI201601'),
('0110216051', 'FAUZAN HIBATULLOH', 1, 'TI201601'),
('0110216052', 'HENDY ARDITYA SYAIFULLAH', 1, 'TI201601'),
('0110216053', 'MOHAMAD ANDIKA RIEDO PANGESTU', 1, 'TI201601'),
('0110216054', 'TEGUH OKTARIO SAMUDERA', 1, 'TI201601'),
('0110216056', 'FAIZ KHOIRON', 1, 'TI201601'),
('0110216057', 'IQBAL AJIE WAHYUDIN', 1, 'TI201601'),
('0110216058', 'MUHAMMAD RIFKI CHAIRIL', 1, 'TI201601'),
('0110216059', 'MUHAMMAD IRFAN ROSMANIAR', 1, 'TI201601'),
('0110216061', 'UMAIR', 1, 'TI201601'),
('0110216062', 'MUHAMMAD SAYYAFIL ISLAM', 1, 'TI201601'),
('0110216063', 'RISKI YANTI ROHMAN', 1, 'TI201601'),
('0110216064', 'MUHAMAD AKMAL', 1, 'TI201601'),
('0110216065', 'HAYA RASIKHAH', 1, 'TI201601'),
('0110216066', 'DEDY ANTONIUS SINAGA', 1, 'TI201601'),
('0110216067', 'ASEP KOSWARA', 1, 'TI201601'),
('0110216068', 'ARISY BASYIRUDDIN', 1, 'TI201601'),
('0110216069', 'IPAT PATIAH', 1, 'TI201601'),
('0110216071', 'FAIZ FIRMANDANY FIRDAUS', 1, 'TI201601'),
('0110216072', 'MUHAMMAD FADRI WIJAYA', 1, 'TI201601'),
('0110216073', 'DICKY ARRUMI BAHAR', 1, 'TI201601'),
('0110216074', 'AKHMAD ARIP', 1, 'TI201601'),
('0110216075', 'RAKHA DIASRY', 1, 'TI201601'),
('0110217001', 'FAISAL RAHMAT', 1, 'TI201701'),
('0110217002', 'RETNO ENDANG SAFITRI', 1, 'TI201701'),
('0110217003', 'FARIZ', 1, 'TI201701'),
('0110217005', 'MIFTAKHUL HUDA', 1, 'TI201701'),
('0110217007', 'KHOLIS DARMAWAN', 1, 'TI201701'),
('0110217008', 'ASEP DUDUNG', 1, 'TI201701'),
('0110217009', 'FAISAL AYASH FIKRIAN', 1, 'TI201701'),
('0110217010', 'ANDRI DARMA PERMANA', 1, 'TI201701'),
('0110217011', 'FAHMI ABDUL MAZID', 1, 'TI201701'),
('0110217012', 'ALI IMRAN', 1, 'TI201701'),
('0110217013', 'FATHIYAH', 1, 'TI201701'),
('0110217014', 'MILA WIDYA NURITA', 1, 'TI201701'),
('0110217015', 'MOCHAMAD WISNU NUGROHO', 1, 'TI201701'),
('0110217016', 'MOHAMMAD RAFI SHIDDQI', 1, 'TI201701'),
('0110217017', 'MUHAMAD FARHANSYAH', 1, 'TI201701'),
('0110217018', 'MUHAMMAD ADIL NASHRUL HAQ', 1, 'TI201701'),
('0110217019', 'MOHAMAD DIKI ALFIN', 1, 'TI201701'),
('0110217020', 'MUHAMMAD NAUFAL ARIF WIBOWO', 1, 'TI201701'),
('0110217021', 'AHMAD MAIRAT', 1, 'TI201701'),
('0110217022', 'TRIYAS TONO', 1, 'TI201701'),
('0110217023', 'FARHAN BUDIMAN', 1, 'TI201701'),
('0110217025', 'MUHAMMAD ILHAM', 1, 'TI201701'),
('0110217026', 'EVERETT DEAN YUSUF', 1, 'TI201701'),
('0110217027', 'MUHAMMAD RAFI AKBAR', 1, 'TI201701'),
('0110217028', 'MUHAMMAD AFRIZAL ARIF', 1, 'TI201701'),
('0110217029', 'MUHAMMAD AZHAR RASYAD', 1, 'TI201701'),
('0110217030', 'MUHAMMAD FAZRI', 1, 'TI201701'),
('0110217031', 'FARIS AR RASYID SHALAHUDDIN', 1, 'TI201701'),
('0110217033', 'FATHAN MUHAMMAD KAMILAH', 1, 'TI201701'),
('0110217034', 'IHSANUL FIKRI ABIYYU', 1, 'TI201701'),
('0110217035', 'ANNISA RINJANI PUTRI', 1, 'TI201701'),
('0110217037', 'AUZAN ASSIDIQ', 1, 'TI201701'),
('0110217038', 'ATRISA ENDYA NUR HIDAYAH', 1, 'TI201701'),
('0110217039', 'HERLINA', 1, 'TI201701'),
('0110217040', 'RAIHAN SABIQ RABBANI', 1, 'TI201701'),
('0110217041', 'LESMANA  PRAWIRA KUSUMAH', 1, 'TI201701'),
('0110217042', 'MUHAMMAD YAZID SUPRIADI', 1, 'TI201701'),
('0110217044', 'JAKA LELANA', 1, 'TI201701'),
('0110217045', 'MUHAMMAD AKBAR', 1, 'TI201701'),
('0110217046', 'VIVI RAHMAWATI', 1, 'TI201701'),
('0110217047', 'BANGKIT DWI PAMUNGKAS', 1, 'TI201701'),
('0110217048', 'FACHRUR ROZZY DIRZA', 1, 'TI201701'),
('0110217049', 'FARHAN THORIQ FAUZAN', 1, 'TI201701'),
('0110217050', 'MUHAMMAD SOLIHIN', 1, 'TI201701'),
('0110217051', 'FAHMI IDRIS', 1, 'TI201701'),
('0110217052', 'ENRICHO ALKASA SAVARANO A', 1, 'TI201701'),
('0110217053', 'MOHAMMAD SYAHPUTRA', 1, 'TI201701'),
('0110217054', 'CHAIRIL HILMAN SYAH', 1, 'TI201701'),
('0110217055', 'AHMAD FATHAN SYAKIR', 1, 'TI201701'),
('0110217056', 'FARADILA ZAZKIA NABILLAH', 1, 'TI201701'),
('0110217057', 'MURSYID REDHATULLAH', 1, 'TI201701'),
('0110217058', 'RIDHO AZHAR', 1, 'TI201701'),
('0110217059', 'NOPIANSYAH', 1, 'TI201701'),
('0110217060', 'EDDU JUNERIVELLINO', 1, 'TI201701'),
('0110217061', 'ANANDA ALIFIAN INDRIAWAN', 1, 'TI201701'),
('0110217063', 'RIDWAN SUBULA SALAM', 1, 'TI201701'),
('0110217064', 'FAISAL FITRI', 1, 'TI201701'),
('0110217065', 'GANANG DWI ISNAYA', 1, 'TI201701'),
('0110217066', 'DIKA FAUZAN ADZIMA', 1, 'TI201701'),
('0110217067', 'ASHIM ABDUL HALIM', 1, 'TI201701'),
('0110217068', 'ARDITH LUTFIAWAN', 1, 'TI201701'),
('0110217069', 'HUDA IZZATUL HAQ', 1, 'TI201701'),
('0110217070', 'NABILAH FAJAR UTAMI', 1, 'TI201701'),
('0110217071', 'FATKHURRAHMAN JUNDI BINAUF', 1, 'TI201701'),
('0110217072', 'METHA ELISABETH MADETHEN', 1, 'TI201701'),
('0110217073', 'MUHAMMAD IRFAN FIRAS', 1, 'TI201701'),
('0110217074', 'MAULANA AHMAD FATAHILLAH', 1, 'TI201701'),
('0110217075', 'MIQDAD ABDUL MALIK', 1, 'TI201701'),
('0110217076', 'MOCH RIDWAN MAULANA', 1, 'TI201701'),
('0110217077', 'M. SARIFUDIN', 1, 'TI201701'),
('0110217078', 'ARDION ARIF', 1, 'TI201701'),
('0110217079', 'ALIF ADANI', 1, 'TI201701'),
('0110217081', 'ALFIAN ILHAM MAWARDI', 1, 'TI201701'),
('0110217082', 'MUHAMMAD FARHAN ARROSYID', 1, 'TI201701'),
('0110217083', 'ILHAM NAZAIRO', 1, 'TI201701'),
('0110217084', 'HAUZANI DHIANULWANSYAH', 1, 'TI201701'),
('0110217085', 'HERA KARMILA', 1, 'TI201701'),
('0110217086', 'MUJIB AHMAD', 1, 'TI201701'),
('0110217087', 'ADITYA FITRIADI', 1, 'TI201701'),
('0110217088', 'AHMAD MAULUDIN ADITHAMA', 1, 'TI201701'),
('0110217089', 'MUHAMMAD RIDWAN', 1, 'TI201701'),
('0110217090', 'MUHAMMAD ISMAIL FATHURRAHMAN', 1, 'TI201701'),
('0110217091', 'ADE MIRANI', 1, 'TI201701'),
('0110217092', 'DIAN PURNAMA', 1, 'TI201701'),
('0110217093', 'MUHAMMAD FARHAN RABBANI', 1, 'TI201701'),
('0110217094', 'ANDICKA SASMITA', 1, 'TI201701'),
('0110217095', 'MOCH HAFIED FAJAR NAJIULLOH', 1, 'TI201701'),
('0110217096', 'MOCHAMAD ISBANDI', 1, 'TI201701'),
('0110217097', 'FADHLI ULUL AZHMI', 1, 'TI201701'),
('0110217098', 'MUHAMMAD SAID RAMADHAN', 1, 'TI201701'),
('0110217100', 'WAHYU JANUAR ALFIAN', 1, 'TI201701'),
('0110217101', 'IRMA OKTAVIYANI', 1, 'TI201701'),
('0110217102', 'MUHAMMAD SOPYAN HUSEIN', 1, 'TI201701'),
('0110217103', 'MUHAMMAD RIZKI HERFIAN', 1, 'TI201701'),
('0110217105', 'ABDI JULIANSYAH', 1, 'TI201701'),
('0110217106', 'INDRA ARDIANTO', 1, 'TI201701'),
('0110217107', 'MUHAMMAD NOVAL', 1, 'TI201701'),
('0110217108', 'DANNI HARYONO', 1, 'TI201701'),
('0110218001', 'ADELLA NURRINJANI', 1, 'TI201801'),
('0110218002', 'AL-ABDUL GANI', 1, 'TI201801'),
('0110218003', 'MUHAMAD FURQON', 1, 'TI201801'),
('0110218006', 'ARISANDI', 1, 'TI201801'),
('0110218008', 'AL FAJRI', 1, 'TI201801'),
('0110218009', 'ASWAR', 1, 'TI201801'),
('0110218013', 'IKHSAN NUR', 1, 'TI201801'),
('0110218015', 'HUSNUL HADI', 1, 'TI201801'),
('0110218016', 'NOVERENO IRAWAN PUTRA', 1, 'TI201801'),
('0110218017', 'AHMAD BADRUL ULUM', 1, 'TI201801'),
('0110218018', 'AHMAD SUTADI YUDHA PRATAMA', 1, 'TI201801'),
('0110218019', 'MOHAMMAD ALIF MUKHLISH INSANI', 1, 'TI201801'),
('0110218020', 'QEIS AL FARIZY', 1, 'TI201801'),
('0110218021', 'MUHAMAD RIFQI MANARUL HIDAYAH', 1, 'TI201801'),
('0110218022', 'MUHAMMAD FIKRI', 1, 'TI201801'),
('0110218023', 'KHALID ABBAS', 1, 'TI201801'),
('0110218024', 'EFRIZAL', 1, 'TI201801'),
('0110218025', 'MOHAMAD RIZKI HANIF', 1, 'TI201801'),
('0110218026', 'TUBAGUS MUHAMMAD BILLAL ZAKKY SURYA', 1, 'TI201801'),
('0110218027', 'LINGGA BADRA GUMILANG', 1, 'TI201801'),
('0110218028', 'MUHAMMAD RAMADHAN', 1, 'TI201801'),
('0110218029', 'MUHAMMAD SYAFE\'I', 1, 'TI201801'),
('0110218030', 'ISMAIL RAJI RIDHA', 1, 'TI201801'),
('0110218031', 'RAHMATUL ZAKIA', 1, 'TI201801'),
('0110218032', 'HASAN ALBANNA', 1, 'TI201801'),
('0110218033', 'IRVAN FAHRUDIN', 1, 'TI201801'),
('0110218034', 'MUTIYA ADIFA NURILMI', 1, 'TI201801'),
('0110218035', 'FERDI JULIANSYAH', 1, 'TI201801'),
('0110218036', 'ANDIKA YUSUF', 1, 'TI201801'),
('0110218038', 'DIMAS BAGUS SETYAWAN', 1, 'TI201801'),
('0110218039', 'ILHAM HADI', 1, 'TI201801'),
('0110218040', 'FIRMAN PERMANA', 1, 'TI201801'),
('0110218041', 'INDRIA SANI MUSLIMAH', 1, 'TI201801'),
('0110218042', 'FAUZAN ALDI ALFIANTO', 1, 'TI201801'),
('0110218043', 'ANELKA LAZUARDI', 1, 'TI201801'),
('0110218044', 'RIDWANSYAH', 1, 'TI201801'),
('0110218045', 'IMAM GHOZALI', 1, 'TI201801'),
('0110218047', 'ABDUL MALIK AMRULLAH', 1, 'TI201801'),
('0110218048', 'LILIK TRIYAWAN', 1, 'TI201801'),
('0110218049', 'MUHAMMAD ARDIANSYAH', 1, 'TI201801'),
('0110218050', 'MUHAMMAD SIDIK', 1, 'TI201801'),
('0110218051', 'AMIN MA\'RUF', 1, 'TI201801'),
('0110218052', 'ANDRIANTO', 1, 'TI201801'),
('0110218053', 'MUHAMMAD GHILMAN FIRDAUS', 1, 'TI201801'),
('0110218055', 'MUHAMMAD RIFQI', 1, 'TI201801'),
('0110218056', 'RAIHAN SA\'ID', 1, 'TI201801'),
('0110218057', 'ACHMAD FIKRI ABDILLAH', 1, 'TI201801'),
('0110218058', 'JUSTIS AULIA PRATOMO', 1, 'TI201801'),
('0110218060', 'MARLINA', 1, 'TI201801'),
('0110218061', 'ABIDUN ALIM', 1, 'TI201801'),
('0110218062', 'OMAR ABDALLAH', 1, 'TI201801'),
('0110218063', 'ANDY CHRISMAN SIANTURI', 1, 'TI201801'),
('0110218064', 'BAYU PRATAMA', 1, 'TI201801'),
('0110218065', 'ALI REZA', 1, 'TI201801'),
('0110218066', 'ABDUL FATHONI FAUZI', 1, 'TI201801'),
('0110218067', 'MUHAMMAD SEPTIAN KHADAFI', 1, 'TI201801'),
('0110218068', 'MUHAMAD FAKHRI KUNCORO MUKTI', 1, 'TI201801'),
('0110218069', 'ADE TRIHADI SETIAWAN', 1, 'TI201801'),
('0110218070', 'MUHAMMAD REYNALDI ALINAUNG', 1, 'TI201801'),
('0110218073', 'MUHAMMAD RAIHAN PURWANA', 1, 'TI201801'),
('0110218074', 'RAMADHAN FADILAH AKHBAR', 1, 'TI201801'),
('0110218075', 'ALIF ZIDAN RAIHAN', 1, 'TI201801'),
('0110218076', 'MUH. AHSANAL HUDA', 1, 'TI201801'),
('0110218077', 'HILMI MAHDI', 1, 'TI201801'),
('0110218078', 'RAFIAN NUR IHSAN', 1, 'TI201801'),
('0110218079', 'IHZA ZAIDAN AFTHAR', 1, 'TI201801'),
('0110218080', 'TEGAR BUDI SANTOSO', 1, 'TI201801'),
('0110218081', 'ANGGI YUDHA PRATAMA', 1, 'TI201801'),
('0110218082', 'M. RIZAL RIVAI MALA', 1, 'TI201801'),
('0110218083', 'MOCHAMMAD RIZKY MAHESA', 1, 'TI201801'),
('0110218085', 'ERDI AL KAUTSAR', 1, 'TI201801'),
('0110218086', 'NABILA YUANI', 1, 'TI201801'),
('0110218087', 'EKO DEPA NUGRAHA', 1, 'TI201801'),
('0110218089', 'PRIAMBUDI EKA BAYU WIBOWO', 1, 'TI201801'),
('0110218090', 'FAUZAN NUGRAHA DAULAY', 1, 'TI201801'),
('0110218091', 'ABDILLAH SAGIF', 1, 'TI201801'),
('0110218092', 'GIAN ATHALLAH', 1, 'TI201801'),
('0110218093', 'MUHAMAD AFDHAL', 1, 'TI201801'),
('0110218094', 'BOBI ADITYA', 1, 'TI201801'),
('0110218095', 'IZZUDDIN HANAN HAWARI', 1, 'TI201801'),
('0110218097', 'ABDUL AZIZ MUHAMMAD K.', 1, 'TI201801'),
('0110218099', 'ANDRIANA DWI HASTANTO', 1, 'TI201801'),
('0110218100', 'FIKRI MUHARAM', 1, 'TI201801'),
('0110218101', 'USAMAH', 1, 'TI201801'),
('0110218103', 'MUWAHIDUN ASYKARI', 1, 'TI201801'),
('0110218104', 'ALWAN ALAWI', 1, 'TI201801'),
('0110218105', 'MUHAMMAD MIPTAHUL FALAH', 1, 'TI201801'),
('0110218108', 'HASANUDIN', 1, 'TI201801'),
('0110218110', 'HABIB NUR FATHAN', 1, 'TI201801'),
('0110218111', 'CORONA MUHAMMAD IQBAL', 1, 'TI201801'),
('0110218112', 'ANWAR SANUSI', 1, 'TI201801'),
('0110218113', 'MUHAMMAD HAFIZ RAFSANJANI', 1, 'TI201801'),
('0110218114', 'MUHAMMAD ZULFIKRI', 1, 'TI201801'),
('0110219001', 'M. UMAR FAZRI', 1, 'TI201901'),
('0110219003', 'MUHAMMAD FAJAR RAMADHANI', 1, 'TI201901'),
('0110219004', 'AYU WIDIYA NINGRUM', 1, 'TI201901'),
('0110219006', 'ADE FIKRI RAMADHAN', 1, 'TI201901'),
('0110219007', 'NUNIK ZAIN SUROYA', 1, 'TI201901'),
('0110219008', 'HANIFAH NURUL MUTHMAINAH', 1, 'TI201901'),
('0110219009', 'MUHAMMAD YUSUF SALMAN', 1, 'TI201901'),
('0110219010', 'ABDUL AZIZ', 1, 'TI201901'),
('0110219011', 'HILMAN YAHYA MUHAIMIN', 1, 'TI201901'),
('0110219013', 'RENALDI ALFI SYAHAR', 1, 'TI201901'),
('0110219014', 'KHAIRUL HUDA', 1, 'TI201901'),
('0110219015', 'YAHYA DIPRAJA', 1, 'TI201901'),
('0110219016', 'RISYAD  MIFTAHUL FALAH', 1, 'TI201901'),
('0110219017', 'MUHAMMAD HAMZAH RAHMATULLOH', 1, 'TI201901'),
('0110219018', 'FATURROHMAN', 1, 'TI201901'),
('0110219019', 'ANGGA KUSUMA PUTRA', 1, 'TI201901'),
('0110219022', 'FIKI ALAMSYAH', 1, 'TI201901'),
('0110219023', 'MOH. SODIK FIKRI', 1, 'TI201901'),
('0110219025', 'DESMON ELVIN SUSANTO', 1, 'TI201901'),
('0110219026', 'NENI NURHAENI', 1, 'TI201901'),
('0110219027', 'RIAN HIDAYAT', 1, 'TI201901'),
('0110219028', 'ABDUL THOLIB B.M', 1, 'TI201901'),
('0110219029', 'KHOIRUNNISA', 1, 'TI201901'),
('0110219030', 'ARDELINGGA PRAMESTA KUSUMA', 1, 'TI201901'),
('0110219031', 'IMAM SAFI\'E R.PATIRAN', 1, 'TI201901'),
('0110219034', 'ARIZAL NUR ISLACHUDDIN', 1, 'TI201901'),
('0110219035', 'YANA EFENDI', 1, 'TI201901'),
('0110219036', 'DENDI SETIAWAN', 1, 'TI201901'),
('0110219038', 'MUHAMMAD RAFI MAULANA', 1, 'TI201901'),
('0110219039', 'RAHMANSYAH KURNIAWAN', 1, 'TI201901'),
('0110219040', 'DIKA MUHARMAN KARDINAL', 1, 'TI201901'),
('0110219041', 'JASMINE  RIFDAH NAFILLA', 1, 'TI201901'),
('0110219042', 'ASEP SAMUDRA', 1, 'TI201901'),
('0110219043', 'MUHAMMAD BAIHAQI', 1, 'TI201901'),
('0110219044', 'MUHAMMAD USAMAH', 1, 'TI201901'),
('0110219045', 'MUHAMMAD NUR FAIZ ALFI', 1, 'TI201901'),
('0110219046', 'AHMAD HAFID FARHAN', 1, 'TI201901'),
('0110219047', 'FICRI HANIP', 1, 'TI201901'),
('0110219048', 'MOCHAMAD LUTFI GUNAWAN', 1, 'TI201901'),
('0110219049', 'RIJAL AZKA', 1, 'TI201901'),
('0110219050', 'AJENG SYECHAN NADIFA', 1, 'TI201901'),
('0110219051', 'MUHAMMAD RIDHO HAFIDZ', 1, 'TI201901'),
('0110219052', 'MUHAMMAD SYA\'BANDI ABDILLAH', 1, 'TI201901'),
('0110219054', 'WILDAN NUR ALIF', 1, 'TI201901'),
('0110219055', 'FAIZ AHMAD', 1, 'TI201901'),
('0110219057', 'MUHAMMAD JIDDAN ROBBAANI', 1, 'TI201901'),
('0110219058', 'FARIS AR RASYID', 1, 'TI201901'),
('0110219059', 'AHMAD GINANJAR', 1, 'TI201901'),
('0110219060', 'MUHAMMAD AZZAM NUR ALWI MANSYUR', 1, 'TI201901'),
('0110219061', 'ABDUL FATTAH ISMAIL', 1, 'TI201901'),
('0110219062', 'MUHAMMAD ILHAM PRATAMA', 1, 'TI201901'),
('0110219063', 'BADRUL AKHYAR', 1, 'TI201901'),
('0110219066', 'HABA QIESTHA KHAIRA', 1, 'TI201901'),
('0110219067', 'YAHYA MURSYID ROBBANI AHMAD', 1, 'TI201901'),
('0110219068', 'ACHMAD IZHAR', 1, 'TI201901'),
('0110219069', 'MUHAMMAD PASYA FADILLAH', 1, 'TI201901'),
('0110219070', 'RISTA FAUJI NAFSIR', 1, 'TI201901'),
('0110219071', 'FAZRIYANSYAH AHMAD', 1, 'TI201901'),
('0110219072', 'MUHAMAD RAFLI EDKA PUTRA', 1, 'TI201901'),
('0110219073', 'FAUZAN ILYAS', 1, 'TI201901'),
('0110219075', 'WANGSIT HARDIYANTO', 1, 'TI201901'),
('0110219076', 'MUHAMMAD RASYA HAKIM', 1, 'TI201901'),
('0110219078', 'MUSTHOFA ALI FIRDAUS', 1, 'TI201901'),
('0110219079', 'HANI AULIA FATHIN NADA', 1, 'TI201901'),
('0110219080', 'MUHAMMAD SHAYID VEDAWYNNE', 1, 'TI201901'),
('0110219081', 'FATHIAH HABSYI', 1, 'TI201901'),
('0110219082', 'NAUFAL HILMY YUDISTIYA PUTRA', 1, 'TI201901'),
('0110219083', 'AHMED RAYHAN PRIMADEDAS', 1, 'TI201901'),
('0110219084', 'HISYAM KHOWARIK', 1, 'TI201901'),
('0110219085', 'RAFI RAMADHANA', 1, 'TI201901'),
('0110219087', 'AMMAR MUBAROK ROBBANI', 1, 'TI201901'),
('0110219088', 'ALFIN ADI SURYA', 1, 'TI201901'),
('0110219089', 'IRFAN HISBULLAH', 1, 'TI201901'),
('0110219091', 'AMIRUL KURNIAWAN', 1, 'TI201901'),
('0110219092', 'RIDHO MUSYAFFA', 1, 'TI201901'),
('0110219095', 'NUR MUHAMMAD WAFI', 1, 'TI201901'),
('0110219096', 'REZA CAHYO WIBOWO', 1, 'TI201901'),
('0110219098', 'FAJAR HIDAYAT', 1, 'TI201901'),
('0110219099', 'DIKY FAISAL', 1, 'TI201901'),
('0110219100', 'FAJAR FIRDAUS', 1, 'TI201901'),
('0110219101', 'ALWAN DWI PUTRA', 1, 'TI201901'),
('0110219102', 'DAFFA\' ZUHAIR', 1, 'TI201901'),
('0110219103', 'JILAN FINIAN KILANI', 1, 'TI201901'),
('0110219104', 'MUBDI HARIYANTO', 1, 'TI201901'),
('0110219106', 'MUHAMAD SIS', 1, 'TI201901'),
('0110219108', 'RANI PURNA GUNAWANTI', 1, 'TI201901'),
('0110219109', 'MUHAMMAD FATIH AL BANNA', 1, 'TI201901'),
('0110219110', 'MUHAMMAD IRSAN KHALISH', 1, 'TI201901'),
('0110219111', 'HANGGA KRISTANTO', 1, 'TI201901'),
('0110219112', 'RAHMAN ARIF', 1, 'TI201901'),
('0110219114', 'ALFIAN MUHAMMAD RIZAL YURISTYA', 1, 'TI201901'),
('0110219115', 'AMAR JIHAD ISLAMI', 1, 'TI201901'),
('0110219116', 'ANNISA NUR ROHMAH', 1, 'TI201901'),
('0110219117', 'MUHAMMAD AJI BAYU PURBANING KATON', 1, 'TI201901'),
('0110219120', 'MUHAMMAD AGUNG SAPUTRA', 1, 'TI201901'),
('0110219121', 'ARIPIN', 1, 'TI201901'),
('0110219122', 'AJI SOUBARI', 1, 'TI201901'),
('0110219123', 'FEBRYAN', 1, 'TI201901'),
('0110219124', 'MUH. TAUFIK HIDAYAT', 1, 'TI201901'),
('0110219125', 'FAJAR DWI SAPUTRA', 1, 'TI201901'),
('0110219127', 'ABDUL MAULANA', 1, 'TI201901'),
('0110219129', 'FATHAN MUBIN', 1, 'TI201901'),
('0110219130', 'FANI ADI FRIHANDOKO', 1, 'TI201901'),
('0110219132', 'AMELYA FIRJIYANTI NUR\'ANIZA', 1, 'TI201901'),
('0110219133', 'IQBAL ASSEGAF', 1, 'TI201901'),
('0110219134', 'AGUNG PRIYO SEMBODO', 1, 'TI201901'),
('0110219135', 'DERREN DWI SUKRILAH', 1, 'TI201901'),
('0110219137', 'HERU KISWANTO', 1, 'TI201901');

-- --------------------------------------------------------

--
-- Table structure for table `static_matakuliah`
--

CREATE TABLE `static_matakuliah` (
  `id` int(11) NOT NULL COMMENT 'ID',
  `code` char(10) COLLATE utf8mb4_unicode_ci DEFAULT NULL COMMENT 'Kode',
  `name` varchar(255) COLLATE utf8mb4_unicode_ci DEFAULT NULL COMMENT 'Nama',
  `sks` int(11) DEFAULT NULL COMMENT 'SKS',
  `abbr` char(4) COLLATE utf8mb4_unicode_ci DEFAULT NULL COMMENT 'Singkatan',
  `total_student` smallint(6) DEFAULT NULL COMMENT 'Total Mahasiswa'
) ENGINE=InnoDB DEFAULT CHARSET=utf8mb4 COLLATE=utf8mb4_unicode_ci;

--
-- Dumping data for table `static_matakuliah`
--

INSERT INTO `static_matakuliah` (`id`, `code`, `name`, `sks`, `abbr`, `total_student`) VALUES
(1, 'NF11001', 'Pendidikan Agama', 2, NULL, 0),
(2, 'NF11002', 'Matematika Dasar', 2, NULL, 0),
(3, 'NF11003', 'Bahasa Indonesia', 2, NULL, 0),
(4, 'IE11001', 'Dasar-dasar Pemrograman', 3, NULL, 0),
(5, 'IE11003', 'Pengantar Teknologi Informasi', 2, NULL, 0),
(6, 'IE11004', 'Pengantar Open Source dan Aplikasi', 3, NULL, 0),
(7, 'IE11006', 'Organisasi dan Arsitektur Komputer', 3, NULL, 0),
(8, 'IE11007', 'Matematika Diskrit', 3, NULL, 0),
(9, 'NF21001', 'Pembentukan Karakter', 2, NULL, 0),
(10, 'NF12002', 'Pancasila dan Pendidikan Kewarganegaraan', 3, NULL, 0),
(11, 'NF12003', 'Bahasa Inggris', 2, NULL, 0),
(12, 'IE12001', 'Basis Data I', 3, NULL, 0),
(13, 'IE12003', 'Sistem Operasi', 2, NULL, 0),
(14, 'IE12004', 'Jaringan Komputer', 3, NULL, 0),
(15, 'IE12005', 'Struktur Data dan Algoritma', 3, NULL, 0),
(16, 'NF21003', 'Statistik dan Probabilitas', 3, NULL, 0),
(17, 'NF12001', 'Keterampilan Berpikir Kreatif', 2, NULL, 0),
(18, 'IE21001', 'Pemrograman Web', 2, NULL, 0),
(19, 'IE21002', 'Pemrograman Berorientasi Objek', 3, NULL, 0),
(20, 'IE21003', 'Basis Data II', 3, NULL, 0),
(21, 'IE21004', 'Tata Kelola Teknologi Informasi', 3, NULL, 0),
(22, 'NF21002', 'Metode Penelitian', 2, NULL, 0),
(23, 'IE12002', 'Administrasi Sistem', 3, NULL, 0),
(24, 'SI21001', 'Prinsip-Prinsip Manajemen', 2, NULL, 0),
(25, 'NF32001', 'Technopreneurship & Kewirausahaan', 3, NULL, 0),
(26, 'IE22001', 'Interaksi Manusia dan Komputer', 2, NULL, 0),
(27, 'IE22002', 'Rekayasa Perangkat Lunak', 3, NULL, 0),
(28, 'IE22003', 'Data Warehouse', 2, NULL, 0),
(29, 'SI22001', 'Sistem Informasi Manajemen', 3, NULL, 0),
(30, 'SI22002', 'Pengantar Akuntansi', 2, NULL, 0),
(31, 'SI22003', 'Manajemen Produksi dan Riset Operasi', 3, NULL, 0),
(32, 'SI22004', 'Pengantar Bisnis', 2, NULL, 0),
(33, 'NF31001', 'Keterampilan Kepemimpinan', 2, NULL, 0),
(34, 'SI31002', 'Manajemen Pemasaran Berbasis IT', 2, NULL, 0),
(35, 'IE22002', 'Sistem Informasi Akuntansi dan Keuangan', 3, NULL, 0),
(36, 'SI31004', 'Sistem Penunjang Keputusan', 3, NULL, 0),
(37, 'SI31005', 'Audit Sistem Informasi', 2, NULL, 0),
(38, 'SI31006', 'Manajemen SDM Berbasis IT', 3, NULL, 0),
(39, 'IE31001', 'Manajemen Proyek', 3, NULL, 0),
(40, 'NF22001', 'Keterampilan Komunikasi & Kerjasama', 2, NULL, 0),
(41, 'IE32001', 'Cloud computing', 2, NULL, 0),
(42, 'SI32001', 'Enterprise Resource Planning', 3, NULL, 0),
(43, 'SI32002', 'Knowledge Management', 2, NULL, 0),
(44, 'SI32003', 'IT Risk Management', 2, NULL, 0),
(45, 'NF41001', 'Etika Profesi', 2, NULL, 0),
(46, 'SI41002', 'Change Management', 2, NULL, 0),
(47, 'IE41002', 'Keamanan Sistem Informasi', 2, NULL, 0),
(48, 'SI40001', 'Kerja Praktek SI', 3, NULL, 0),
(49, 'NF40001', 'Tugas Akhir I', 2, NULL, 0),
(50, 'NF40002', 'Tugas Akhir II', 4, NULL, 0),
(51, 'SI40101', 'Sistem Informasi Penilaian Kinerja', 3, NULL, 0),
(52, 'SI40102', 'Manajemen Aset', 3, NULL, 0),
(53, 'SI40103', 'Prilaku Organisasi', 2, NULL, 0),
(54, 'SI40104', 'Pemrograman Web Lanjut', 3, NULL, 0),
(55, 'SI40111', 'Audit Sistem Informasi Berbasis Komputer', 3, NULL, 0),
(56, 'SI40112', 'IT Service Management', 3, NULL, 0),
(57, 'SI40113', 'IT DRP', 3, NULL, 0),
(58, 'SI40114', 'Cyber Law', 2, NULL, 0),
(59, 'SI31011', 'E-Goverment', 3, NULL, 0),
(60, 'SI32011', 'Audit Sistem Informasi lanjutan', 3, NULL, 0),
(61, 'SI32012', 'Penjamin Mutu Sistem Informasi', 3, NULL, 0),
(62, 'SI41011', 'Proyek: IT Governance', 3, NULL, 0),
(63, 'SI31021', 'Customer Relationship Management', 3, NULL, 0),
(64, 'SI32021', 'Supply Chain Management', 3, NULL, 0),
(65, 'SI32022', 'Perancangan Strategik Sistem Informasi', 3, NULL, 0),
(66, 'SI41021', 'Proyek: Enterprise SI', 3, NULL, 0),
(94, 'TI22001', 'Pemrograman Sistem dan Jaringan', 3, NULL, 0),
(95, 'TI22005', 'Teori Bahasa dan Otomata', 2, NULL, 0),
(96, 'TI22003', 'Pemrograman Web Lanjutan', 3, NULL, 0),
(97, 'TI22004', 'Analisis Numerik', 3, NULL, 0),
(99, 'TI31001', 'Komputasi Paralel', 3, NULL, 0),
(100, 'TI31003', 'Kecerdasan Buatan', 3, NULL, 0),
(101, 'TI22002', 'Pemrograman Visual', 3, NULL, 0),
(102, 'TI31004', 'Pemrograman Mobile', 3, NULL, 0),
(105, 'TI32001', 'Pengolahan Citra', 3, NULL, 0),
(106, 'TI32002', 'Big Data', 3, NULL, 0),
(108, 'TI32003', 'Sistem Terdistribusi', 3, NULL, 0),
(110, 'TI41002', 'Enterprise Application Integration (Integrasi Sistem)', 2, NULL, 0),
(112, 'TI40001', 'Kerja Praktek TI', 3, NULL, 0),
(115, 'TI40101', ' Web Security', 2, NULL, 0),
(116, 'TI40102', ' Sistem Digital', 3, NULL, 0),
(117, 'TI40111', ' Grafika Komputer', 3, NULL, 0),
(118, 'TI40112', ' Pemrograman Game', 3, NULL, 0),
(119, 'TI40113', ' Pemrograman Framework', 3, NULL, 0),
(120, 'TI40114', ' Desain Analisis Algoritma', 3, NULL, 0),
(121, 'TI40115', ' Data Mining', 2, NULL, 0),
(122, 'TI40116', ' Semantic Web', 2, NULL, 0),
(123, 'TI40117', ' Visualisasi Data', 3, NULL, 0),
(124, 'TI40118', ' Pemrograman R', 2, NULL, 0),
(125, 'TI40119', ' Pemrograman Phyton', 2, NULL, 0),
(126, 'TI40210', ' Pemrograman Ruby', 2, NULL, 0),
(127, 'TI40121', ' Jaringan Nirkabel', 3, NULL, 0),
(128, 'TI40122', ' Routing & Switching', 3, NULL, 0),
(129, 'TI40123', ' IT Disaster Recovery Plan', 3, NULL, 0),
(130, 'TI40124', ' Teknologi Virtualisasi', 3, NULL, 0),
(131, 'TI40125', ' Ethical Hacking', 2, NULL, 0),
(132, 'TI40126', ' Cyber Law', 2, NULL, 0),
(133, 'TI40127', ' Digital Forensik', 2, NULL, 0),
(134, 'TI40128', ' Kriptografi', 2, NULL, 0),
(135, 'TI32002', ' Natural Language Processing (NLP)', 3, NULL, 0),
(136, 'TI31011', 'OOAD (TPL)', 3, NULL, 0),
(137, 'TI32011', 'Pola Desain Perangkat Lunak (TPL)', 3, NULL, 0),
(138, 'TI32012', 'Tugas Proyek Perangkat Lunak (TPL)', 3, NULL, 0),
(139, 'TI41011', 'SQA (TPL)', 3, NULL, 0),
(140, 'TI31021', 'Administrasi Jaringan (Infrastruktur TI)', 3, NULL, 0),
(141, 'TI32021', 'Tugas Proyek Infrastruktur (Infrastruktur TI)', 3, NULL, 0),
(142, 'TI32022', 'Manajemen Infrastruktur IT (Infrastruktur TI)', 3, NULL, 0),
(143, 'TI41011', 'Keamanan Komputer & Jaringan (Infrastruktur TI)', 3, NULL, 0);

--
-- Indexes for dumped tables
--

--
-- Indexes for table `dynamic_absen_dosen`
--
ALTER TABLE `dynamic_absen_dosen`
  ADD PRIMARY KEY (`id`),
  ADD KEY `absen_dosen_ibfk_1` (`kelas_id`),
  ADD KEY `dosen_id` (`dosen_id`);

--
-- Indexes for table `dynamic_absen_mahasiswa`
--
ALTER TABLE `dynamic_absen_mahasiswa`
  ADD KEY `absen_mahasiswa_ibfk_2` (`kelas_id`),
  ADD KEY `absen_mahasiswa_ibfk_4` (`status_id`),
  ADD KEY `dynamic_absen_mahasiswa_ibfk_5` (`mhs_id`),
  ADD KEY `absen_dosen_id` (`absen_dosen_id`);

--
-- Indexes for table `helper_kalender_akademik`
--
ALTER TABLE `helper_kalender_akademik`
  ADD PRIMARY KEY (`id`);

--
-- Indexes for table `helper_prodi`
--
ALTER TABLE `helper_prodi`
  ADD PRIMARY KEY (`id`);

--
-- Indexes for table `helper_status`
--
ALTER TABLE `helper_status`
  ADD PRIMARY KEY (`id`);

--
-- Indexes for table `static_dosen`
--
ALTER TABLE `static_dosen`
  ADD PRIMARY KEY (`id`);

--
-- Indexes for table `static_kelas`
--
ALTER TABLE `static_kelas`
  ADD PRIMARY KEY (`id`),
  ADD KEY `kelas_ibfk_2` (`mk_id`),
  ADD KEY `kelas_ibfk_3` (`prodi_id`),
  ADD KEY `dosen_id` (`dosen_id`),
  ADD KEY `ka_id` (`ka_id`);

--
-- Indexes for table `static_mahasiswa`
--
ALTER TABLE `static_mahasiswa`
  ADD PRIMARY KEY (`id`),
  ADD KEY `mahasiswa_ibfk_1` (`prodi_id`);

--
-- Indexes for table `static_matakuliah`
--
ALTER TABLE `static_matakuliah`
  ADD PRIMARY KEY (`id`);

--
-- AUTO_INCREMENT for dumped tables
--

--
-- AUTO_INCREMENT for table `dynamic_absen_dosen`
--
ALTER TABLE `dynamic_absen_dosen`
  MODIFY `id` int(11) NOT NULL AUTO_INCREMENT COMMENT 'ID', AUTO_INCREMENT=19;

--
-- AUTO_INCREMENT for table `helper_kalender_akademik`
--
ALTER TABLE `helper_kalender_akademik`
  MODIFY `id` int(11) NOT NULL AUTO_INCREMENT, AUTO_INCREMENT=20193;

--
-- AUTO_INCREMENT for table `helper_prodi`
--
ALTER TABLE `helper_prodi`
  MODIFY `id` int(11) NOT NULL AUTO_INCREMENT, AUTO_INCREMENT=3;

--
-- AUTO_INCREMENT for table `helper_status`
--
ALTER TABLE `helper_status`
  MODIFY `id` int(11) NOT NULL AUTO_INCREMENT, AUTO_INCREMENT=5;

--
-- AUTO_INCREMENT for table `static_kelas`
--
ALTER TABLE `static_kelas`
  MODIFY `id` int(11) NOT NULL AUTO_INCREMENT COMMENT 'id', AUTO_INCREMENT=144;

--
-- AUTO_INCREMENT for table `static_matakuliah`
--
ALTER TABLE `static_matakuliah`
  MODIFY `id` int(11) NOT NULL AUTO_INCREMENT COMMENT 'ID', AUTO_INCREMENT=144;

--
-- Constraints for dumped tables
--

--
-- Constraints for table `dynamic_absen_dosen`
--
ALTER TABLE `dynamic_absen_dosen`
  ADD CONSTRAINT `dynamic_absen_dosen_ibfk_1` FOREIGN KEY (`kelas_id`) REFERENCES `static_kelas` (`id`) ON DELETE CASCADE ON UPDATE CASCADE,
  ADD CONSTRAINT `dynamic_absen_dosen_ibfk_2` FOREIGN KEY (`dosen_id`) REFERENCES `static_dosen` (`id`) ON DELETE CASCADE ON UPDATE CASCADE;

--
-- Constraints for table `dynamic_absen_mahasiswa`
--
ALTER TABLE `dynamic_absen_mahasiswa`
  ADD CONSTRAINT `dynamic_absen_mahasiswa_ibfk_2` FOREIGN KEY (`kelas_id`) REFERENCES `static_kelas` (`id`) ON DELETE CASCADE ON UPDATE CASCADE,
  ADD CONSTRAINT `dynamic_absen_mahasiswa_ibfk_4` FOREIGN KEY (`status_id`) REFERENCES `helper_status` (`id`) ON DELETE CASCADE ON UPDATE CASCADE,
  ADD CONSTRAINT `dynamic_absen_mahasiswa_ibfk_5` FOREIGN KEY (`mhs_id`) REFERENCES `static_mahasiswa` (`id`) ON DELETE CASCADE ON UPDATE CASCADE,
  ADD CONSTRAINT `dynamic_absen_mahasiswa_ibfk_6` FOREIGN KEY (`absen_dosen_id`) REFERENCES `dynamic_absen_dosen` (`id`) ON DELETE CASCADE ON UPDATE CASCADE;

--
-- Constraints for table `static_kelas`
--
ALTER TABLE `static_kelas`
  ADD CONSTRAINT `static_kelas_ibfk_2` FOREIGN KEY (`mk_id`) REFERENCES `static_matakuliah` (`id`) ON DELETE CASCADE ON UPDATE CASCADE,
  ADD CONSTRAINT `static_kelas_ibfk_3` FOREIGN KEY (`prodi_id`) REFERENCES `helper_prodi` (`id`) ON DELETE CASCADE ON UPDATE CASCADE,
  ADD CONSTRAINT `static_kelas_ibfk_4` FOREIGN KEY (`dosen_id`) REFERENCES `static_dosen` (`id`) ON DELETE CASCADE ON UPDATE CASCADE,
  ADD CONSTRAINT `static_kelas_ibfk_5` FOREIGN KEY (`ka_id`) REFERENCES `helper_kalender_akademik` (`id`);

--
-- Constraints for table `static_mahasiswa`
--
ALTER TABLE `static_mahasiswa`
  ADD CONSTRAINT `static_mahasiswa_ibfk_1` FOREIGN KEY (`prodi_id`) REFERENCES `helper_prodi` (`id`) ON DELETE CASCADE ON UPDATE CASCADE;
COMMIT;

/*!40101 SET CHARACTER_SET_CLIENT=@OLD_CHARACTER_SET_CLIENT */;
/*!40101 SET CHARACTER_SET_RESULTS=@OLD_CHARACTER_SET_RESULTS */;
/*!40101 SET COLLATION_CONNECTION=@OLD_COLLATION_CONNECTION */;
